Picked At,Pick Number,Appearance,First Name,Last Name,Team,Position,Draft,Draft Entry,Draft Entry Fee,Draft Size,Draft Total Prizes,Tournament Title,Tournament,Tournament Entry Fee,Tournament Total Prizes,Tournament Size,Draft Pool Title,Draft Pool,Draft Pool Entry Fee,Draft Pool Total Prizes,Draft Pool Size,Weekly Winner Title,Weekly Winner,Weekly Winner Entry Fee,Weekly Winner Total Prizes,Weekly Winner Size
2026-06-30 20:27:51 UTC,23,bcd9dd40-142a-4f3c-b47e-654117d32658,Nico,Collins,HOU,WR,c6b80e46-44d6-4446-8b92-04a69a71c79b,ef27d9db-d06c-4c32-a278-d7eebf99b27d,,12,,The Little Dalmatian,9be71122-4880-4cb8-afa7-f508779bd554,1.0,100000.0,112800,,,,,,,,,,
2026-07-01 20:52:50 UTC,51,fdd6ca8b-286d-4eb3-86e0-d2f970f6fa9c,Jaylen,Waddle,DEN,WR,adceec9f-5f0a-4eb4-8204-d8745c3c8374,f7a23d8d-6aaf-4902-8fed-d7b6e3fcaf8a,,12,,Best Ball Mania VII,deb0e69e-d357-4f7e-affa-2d5b8a726da8,25.0,15000000.0,672336,,,,,,,,,,
2026-06-30 21:16:38 UTC,98,f2a26eb3-26f1-4b6a-ae58-42c5ea9341e8,J.K.,Dobbins,DEN,RB,8d6a404e-75d0-46e0-b160-95044ca05255,3a86e85d-490f-44a4-aa4b-6e22b69d33b6,,12,,The Little Dalmatian,9be71122-4880-4cb8-afa7-f508779bd554,1.0,100000.0,112800,,,,,,,,,,
2026-06-30 20:31:01 UTC,47,fdd6ca8b-286d-4eb3-86e0-d2f970f6fa9c,Jaylen,Waddle,DEN,WR,c6b80e46-44d6-4446-8b92-04a69a71c79b,ef27d9db-d06c-4c32-a278-d7eebf99b27d,,12,,The Little Dalmatian,9be71122-4880-4cb8-afa7-f508779bd554,1.0,100000.0,112800,,,,,,,,,,
2026-06-27 01:22:47 UTC,69,e1bb7729-b87e-4abc-9743-f469d20839bd,Drake,Maye,NE,QB,8d9fd882-6280-4862-8289-8c81f97a29fb,86373a61-b505-441e-84a2-fe9879aabb06,,12,,The Poodle,74fc3940-bde1-4dbc-aeb1-36e3fc49c70d,7.0,350000.0,55800,,,,,,,,,,
2026-06-30 20:41:57 UTC,118,e2ea9022-a228-40b1-b668-5ac1fbe7e174,Travis,Kelce,KC,TE,fd0eb170-a9b3-46b3-9dc0-cdf7ca546f12,47c9f223-0f07-4f52-bb15-337d1c09cd61,,12,,The Little Dalmatian,9be71122-4880-4cb8-afa7-f508779bd554,1.0,100000.0,112800,,,,,,,,,,
2026-05-30 16:34:24 UTC,138,f9b4b51b-3d0e-47b6-bbc4-d73ed3340f82,Daniel,Jones,IND,QB,4a756ff0-2931-40b3-857d-bcda46c63eaf,42bf770f-244e-4fac-9988-b29cf78ebdd1,,12,,The Pomeranian,dc6e77f6-581c-45a7-9bcf-0932e628037e,3.0,300000.0,112800,,,,,,,,,,
2026-06-01 20:04:07 UTC,171,268e4c6c-716d-467c-856a-1297e1c743cf,Cade,Otton,TB,TE,11652228-7947-40ec-b183-cd5cfd3e3eff,74b6cfcc-b259-47a5-b8ab-ca350ccb35d9,,12,,The Hound Dog,9f0acdc2-c088-4acb-beab-2c5399bf6d6a,6.0,100000.0,18600,,,,,,,,,,
2026-06-14 21:11:35 UTC,30,1f6e0b0d-f18a-41cd-8df6-18d49ef463c1,Rashee,Rice,KC,WR,cc96bec4-e99d-45c3-bc46-63b89879cc0c,6844d736-d85b-41bf-9d57-b826e34fe2e7,,12,,The Pointer,263f68e0-a243-46a0-95f3-da997f476b2f,11.0,200000.0,20304,,,,,,,,,,
2026-06-13 18:03:20 UTC,152,f9b4b51b-3d0e-47b6-bbc4-d73ed3340f82,Daniel,Jones,IND,QB,c8e9011c-e455-444e-ac54-5ea37d5e5ba0,d16119ee-7d13-4d22-95ae-16c787190abf,,12,,The Frenchie 6,fb385198-3437-4c2e-aa39-efca53e73c60,8.0,50000.0,7020,,,,,,,,,,
2026-06-26 22:12:51 UTC,53,719db736-34b5-4990-ae8a-86d851f9eb37,Quinshon,Judkins,CLE,RB,e4521940-bfbc-4096-b0ee-f6e05d2b348f,3219288e-9a5c-4032-865d-90e021bdc5e0,,12,,The Poodle,74fc3940-bde1-4dbc-aeb1-36e3fc49c70d,7.0,350000.0,55800,,,,,,,,,,
2026-06-30 20:36:47 UTC,75,8abc1bed-0838-40ba-8959-45444bf778a5,RJ,Harvey,DEN,RB,fd0eb170-a9b3-46b3-9dc0-cdf7ca546f12,47c9f223-0f07-4f52-bb15-337d1c09cd61,,12,,The Little Dalmatian,9be71122-4880-4cb8-afa7-f508779bd554,1.0,100000.0,112800,,,,,,,,,,
2026-06-16 18:16:34 UTC,137,03132f54-3982-4620-8495-c8fb6ec423f8,Jalen,Coker,CAR,WR,7cb24e63-0e7c-427f-86a7-ba712aee4de0,12ca49b3-d51c-4599-a3fb-c9c0779b53b5,,12,,The Pointer,263f68e0-a243-46a0-95f3-da997f476b2f,11.0,200000.0,20304,,,,,,,,,,
2026-06-13 19:47:24 UTC,71,41bac526-b103-4a40-9142-dcef21e5da72,Jaylen,Warren,PIT,RB,beeb1ab6-ef30-43a7-8d66-3bd7ad90167b,9db2dfa3-a3a0-488f-b7fd-d54e71621df8,,12,,The Frenchie 6,fb385198-3437-4c2e-aa39-efca53e73c60,8.0,50000.0,7020,,,,,,,,,,
2026-06-30 21:15:58 UTC,31,e75fdadf-f9d2-44d5-8f0b-2308f7b00ab0,Zay,Flowers,BAL,WR,aa9014c1-bc8e-48b8-bc90-f528f4f2813f,c3114e6d-dc2c-4910-be08-0943e5f89ccd,,12,,The Little Dalmatian,9be71122-4880-4cb8-afa7-f508779bd554,1.0,100000.0,112800,,,,,,,,,,
2026-06-16 17:56:52 UTC,17,87e96674-63b1-4d0d-bc76-32e0d9327539,Omarion,Hampton,LAC,RB,7cb24e63-0e7c-427f-86a7-ba712aee4de0,12ca49b3-d51c-4599-a3fb-c9c0779b53b5,,12,,The Pointer,263f68e0-a243-46a0-95f3-da997f476b2f,11.0,200000.0,20304,,,,,,,,,,
2026-06-28 02:15:13 UTC,119,e2ea9022-a228-40b1-b668-5ac1fbe7e174,Travis,Kelce,KC,TE,02211811-63df-41db-9181-34910d1fa7c1,ad19b693-0616-48d3-a661-eec35e697823,,12,,The Poodle,74fc3940-bde1-4dbc-aeb1-36e3fc49c70d,7.0,350000.0,55800,,,,,,,,,,
2026-05-05 01:55:37 UTC,109,11fab77a-8096-44ac-a426-6b8c9fddc723,Kyle,Pitts,ATL,TE,c6677334-70a3-4b26-93e8-2bfab3fa84c7,5f2705a4-4a76-4ffe-a8e9-bd0b0b067b35,,12,,The Dachshund,1f35c88b-e5c4-4b8c-b42a-db74f55d7a18,8.0,200000.0,28080,,,,,,,,,,
2026-06-15 01:39:15 UTC,134,4efc8624-dc36-4242-b1cb-0cc6d3862174,Stefon,Diggs,,WR,fc0705d2-2946-4467-b5bf-e615c597292f,b9906f44-456a-4789-840b-677404101d5e,,12,,The Puppy 2,e9f88543-f815-4db2-a076-1271fb35160c,5.0,1000000.0,225000,,,,,,,,,,
2026-05-07 02:00:27 UTC,215,ae5ffec8-ddb5-44de-bfbe-0ac08be1c2ae,Ted,Hurst,TB,WR,a114c157-0ef3-4303-a935-68360245eebd,e256afba-3e41-49ba-8206-af971735492f,,12,,The Mini Golden,49d2b4fe-fb5c-42a4-bc6a-e9b18547535a,2.0,20000.0,11280,,,,,,,,,,
2026-06-27 18:50:57 UTC,8,da561afd-b293-4e29-8986-fe658247131d,Amon-Ra,St. Brown,DET,WR,e729fd0a-84da-4388-9a97-f005c119292c,62779072-7688-4f57-82f0-ac631dab5f4d,,12,,The Poodle,74fc3940-bde1-4dbc-aeb1-36e3fc49c70d,7.0,350000.0,55800,,,,,,,,,,
2026-05-19 01:36:30 UTC,51,dc3bcebb-9e77-437c-9f51-57548947a981,D'Andre,Swift,CHI,RB,467c48a4-416e-4110-b26c-ed87c22e5507,49229e31-9a86-4620-ad69-c8f88405d26a,,12,,The Frenchie 3,f862a116-a69f-4db7-aeaf-29155b579be7,10.0,50000.0,5616,,,,,,,,,,
2026-04-27 21:00:01 UTC,96,77e88416-ec46-49cf-9997-ee83acddb499,Harold,Fannin,CLE,TE,5b5fddd4-161a-4958-b2ff-9f9570d277ed,4ea19481-bcf6-4061-8709-1011a29e59d3,,12,,Best Ball Mania VII,deb0e69e-d357-4f7e-affa-2d5b8a726da8,25.0,15000000.0,672336,,,,,,,,,,
2026-06-07 16:53:49 UTC,179,d11c4534-5691-488e-910d-7707c6c12e44,Geno,Smith,NYJ,QB,07a61fec-0cd9-4f61-bd79-e7cecd910090,e471f89f-1103-4c38-8bd7-592c002e727c,,12,,The Frenchie 5,97e0d089-6357-4fe3-9875-49e1d99ca74a,2.0,50000.0,28200,,,,,,,,,,
2026-04-30 00:57:32 UTC,191,9e0fd3fb-73c5-4f37-b250-1b768168bbf1,Antonio,Williams,WAS,WR,cc7dd979-a980-4510-9e69-8c31e7fbd3fc,1eb32a63-95bc-45ab-b4e3-62a51b6d46dd,,12,,The Puppy,b42dca9a-7a0c-4c32-963d-a0ddfe179e0a,5.0,1000000.0,225000,,,,,,,,,,
2026-05-05 02:09:31 UTC,204,d11c4534-5691-488e-910d-7707c6c12e44,Geno,Smith,NYJ,QB,c6677334-70a3-4b26-93e8-2bfab3fa84c7,5f2705a4-4a76-4ffe-a8e9-bd0b0b067b35,,12,,The Dachshund,1f35c88b-e5c4-4b8c-b42a-db74f55d7a18,8.0,200000.0,28080,,,,,,,,,,
2026-06-30 21:23:40 UTC,155,233c11ab-0b40-42d2-9e1c-57b9df68969d,Sam,Darnold,SEA,QB,97fa549a-2fd2-4ebe-9071-2c48cb9d9cae,bc7a1cd8-4613-48dd-97ec-1400b5bbb6a2,,12,,The Little Dalmatian,9be71122-4880-4cb8-afa7-f508779bd554,1.0,100000.0,112800,,,,,,,,,,
2026-05-05 02:02:45 UTC,157,86e4ae73-0fb9-4cbe-a457-71f3f7ea2a22,Travis,Hunter,JAX,WR,c6677334-70a3-4b26-93e8-2bfab3fa84c7,5f2705a4-4a76-4ffe-a8e9-bd0b0b067b35,,12,,The Dachshund,1f35c88b-e5c4-4b8c-b42a-db74f55d7a18,8.0,200000.0,28080,,,,,,,,,,
2026-06-15 00:47:31 UTC,141,d2297be4-c288-4bc4-aad9-fd8e02646776,Malik,Willis,MIA,QB,18452539-317f-4b75-b676-c9802ab905a6,46b95838-1f8d-428f-a1f0-e37de53036b7,,12,,The Pointer,263f68e0-a243-46a0-95f3-da997f476b2f,11.0,200000.0,20304,,,,,,,,,,
2026-07-01 23:59:20 UTC,71,b63d54a7-769e-4dd3-8ba8-bc1e865afc2f,Tony,Pollard,TEN,RB,7c04b4d7-0b19-4507-8e9f-913f0bc64b6d,573a5e56-73ca-4979-a46a-28d1fb2a8869,,12,,Best Ball Mania VII,deb0e69e-d357-4f7e-affa-2d5b8a726da8,25.0,15000000.0,672336,,,,,,,,,,
2026-05-24 21:20:06 UTC,16,3ab31e43-ec23-46c5-b59d-b3850ad1ae3a,De'Von,Achane,MIA,RB,ec7f936c-3415-459d-88b6-29a4b4d7ecc8,4e00a9b7-5c72-4a4d-ba72-139da9a8e46c,,12,,The Pit Bull,f6f05181-3ff0-49e8-888e-b1cb18eb63a1,20.0,500000.0,28080,,,,,,,,,,
2026-06-16 01:45:10 UTC,201,97ac300b-1153-4a8d-ac58-47f85d74cd51,Pat,Bryant,DEN,WR,e84e4778-2727-470c-b770-a62814de28f9,81bb0394-19b2-43be-83fa-fafb44b09808,,12,,The Pointer,263f68e0-a243-46a0-95f3-da997f476b2f,11.0,200000.0,20304,,,,,,,,,,
2026-06-14 21:09:36 UTC,19,57c18f3f-4ec5-4e23-9fb1-ea9b9d35ea95,Kenneth,Walker III,KC,RB,cc96bec4-e99d-45c3-bc46-63b89879cc0c,6844d736-d85b-41bf-9d57-b826e34fe2e7,,12,,The Pointer,263f68e0-a243-46a0-95f3-da997f476b2f,11.0,200000.0,20304,,,,,,,,,,
2026-06-30 21:12:59 UTC,71,e1bb7729-b87e-4abc-9743-f469d20839bd,Drake,Maye,NE,QB,8d6a404e-75d0-46e0-b160-95044ca05255,3a86e85d-490f-44a4-aa4b-6e22b69d33b6,,12,,The Little Dalmatian,9be71122-4880-4cb8-afa7-f508779bd554,1.0,100000.0,112800,,,,,,,,,,
2026-05-24 21:46:55 UTC,184,52947412-4003-4b6b-9660-5a2aa4ca1bd7,Calvin,Ridley,TEN,WR,ec7f936c-3415-459d-88b6-29a4b4d7ecc8,4e00a9b7-5c72-4a4d-ba72-139da9a8e46c,,12,,The Pit Bull,f6f05181-3ff0-49e8-888e-b1cb18eb63a1,20.0,500000.0,28080,,,,,,,,,,
2026-06-17 23:12:17 UTC,179,4f3c5505-9940-4dfc-bc57-603892bccb40,Germie,Bernard,PIT,WR,fc0705d2-2946-4467-b5bf-e615c597292f,b9906f44-456a-4789-840b-677404101d5e,,12,,The Puppy 2,e9f88543-f815-4db2-a076-1271fb35160c,5.0,1000000.0,225000,,,,,,,,,,
2026-06-06 02:24:36 UTC,199,c90c934c-9d10-4836-a138-d8ce1e2198d2,Braelon,Allen,NYJ,RB,68edc017-58cd-470d-a1b3-268fcd2f3a54,01732e46-351b-4715-be3c-92f480ce2661,,12,,The Frenchie 5,97e0d089-6357-4fe3-9875-49e1d99ca74a,2.0,50000.0,28200,,,,,,,,,,
2026-05-30 16:29:59 UTC,103,77e88416-ec46-49cf-9997-ee83acddb499,Harold,Fannin,CLE,TE,4a756ff0-2931-40b3-857d-bcda46c63eaf,42bf770f-244e-4fac-9988-b29cf78ebdd1,,12,,The Pomeranian,dc6e77f6-581c-45a7-9bcf-0932e628037e,3.0,300000.0,112800,,,,,,,,,,
2026-06-28 02:53:41 UTC,17,57c18f3f-4ec5-4e23-9fb1-ea9b9d35ea95,Kenneth,Walker III,KC,RB,3f662d0c-53c7-4824-af8a-337f6aa31cdb,94203baa-4cc4-4381-a4ec-d3dcbd449244,,12,,The Poodle,74fc3940-bde1-4dbc-aeb1-36e3fc49c70d,7.0,350000.0,55800,,,,,,,,,,
2026-06-30 21:24:37 UTC,146,f9b4b51b-3d0e-47b6-bbc4-d73ed3340f82,Daniel,Jones,IND,QB,a2685405-d4d0-4a4f-ba7a-82a3af77d83b,3c44495f-eda8-4def-9afd-03357d5d4972,,12,,The Little Dalmatian,9be71122-4880-4cb8-afa7-f508779bd554,1.0,100000.0,112800,,,,,,,,,,
2026-04-27 22:16:28 UTC,196,de7bde14-cf9f-4b06-98f4-8c52c41bf649,David,Njoku,LAC,TE,e8d64591-3f6d-4d66-bb7d-792292fc03e2,3a5a34c4-4d64-4e39-8ea0-5373b998851b,,12,,The Puppy,b42dca9a-7a0c-4c32-963d-a0ddfe179e0a,5.0,1000000.0,225000,,,,,,,,,,
2026-07-01 20:49:17 UTC,27,2955db5c-a718-4e9b-a9bf-c9c51a1a4c11,Trey,McBride,ARI,TE,adceec9f-5f0a-4eb4-8204-d8745c3c8374,f7a23d8d-6aaf-4902-8fed-d7b6e3fcaf8a,,12,,Best Ball Mania VII,deb0e69e-d357-4f7e-affa-2d5b8a726da8,25.0,15000000.0,672336,,,,,,,,,,
2026-05-01 20:32:25 UTC,123,eb7d78fd-a58f-49f4-a5c6-6e75cf6903c0,Aaron,Jones,MIN,RB,c58bea11-09c9-4e5b-9d82-a2cdc152f383,f71057b8-1a09-4540-89d1-8a9011707c98,,12,,The Frenchie,4a7aa4af-c383-450f-b99b-373cfca8983b,15.0,50000.0,3720,,,,,,,,,,
2026-06-27 16:37:29 UTC,172,268e4c6c-716d-467c-856a-1297e1c743cf,Cade,Otton,TB,TE,0127974d-50ed-49b5-926f-053b77094d4b,ea7c3697-aac3-4ac7-9928-cb003003c914,,12,,The Poodle,74fc3940-bde1-4dbc-aeb1-36e3fc49c70d,7.0,350000.0,55800,,,,,,,,,,
2026-06-28 03:12:46 UTC,128,b079ce97-bdb3-4e94-b739-e7ba71472c39,Jordan,Mason,MIN,RB,3f662d0c-53c7-4824-af8a-337f6aa31cdb,94203baa-4cc4-4381-a4ec-d3dcbd449244,,12,,The Poodle,74fc3940-bde1-4dbc-aeb1-36e3fc49c70d,7.0,350000.0,55800,,,,,,,,,,
2026-07-01 20:51:57 UTC,46,fed6c701-5437-4965-b008-d65eb8280fea,Mike,Evans,SF,WR,adceec9f-5f0a-4eb4-8204-d8745c3c8374,f7a23d8d-6aaf-4902-8fed-d7b6e3fcaf8a,,12,,Best Ball Mania VII,deb0e69e-d357-4f7e-affa-2d5b8a726da8,25.0,15000000.0,672336,,,,,,,,,,
2026-06-30 21:30:55 UTC,194,8228dbe3-e9fb-422b-b2ed-499162f15ef0,Christian,Kirk,SF,WR,8d6a404e-75d0-46e0-b160-95044ca05255,3a86e85d-490f-44a4-aa4b-6e22b69d33b6,,12,,The Little Dalmatian,9be71122-4880-4cb8-afa7-f508779bd554,1.0,100000.0,112800,,,,,,,,,,
2026-04-30 00:29:25 UTC,23,9eafc1c1-9dcf-40c6-a66c-10a04e720600,Derrick,Henry,BAL,RB,cc7dd979-a980-4510-9e69-8c31e7fbd3fc,1eb32a63-95bc-45ab-b4e3-62a51b6d46dd,,12,,The Puppy,b42dca9a-7a0c-4c32-963d-a0ddfe179e0a,5.0,1000000.0,225000,,,,,,,,,,
2026-05-19 01:58:24 UTC,190,290c697a-95db-494a-9728-a1c3f90d4395,Eli,Stowers,PHI,TE,467c48a4-416e-4110-b26c-ed87c22e5507,49229e31-9a86-4620-ad69-c8f88405d26a,,12,,The Frenchie 3,f862a116-a69f-4db7-aeaf-29155b579be7,10.0,50000.0,5616,,,,,,,,,,
2026-06-18 00:45:57 UTC,36,e75fdadf-f9d2-44d5-8f0b-2308f7b00ab0,Zay,Flowers,BAL,WR,5f3635e6-00c0-4e05-8061-2f120307809c,c67f0a85-75e3-4ed8-90ed-9652d1d31f0f,,12,,The Puppy 2,e9f88543-f815-4db2-a076-1271fb35160c,5.0,1000000.0,225000,,,,,,,,,,
2026-06-14 21:37:35 UTC,163,9abe9b0f-ac15-496a-9fe6-8e2936d122c1,Tyler,Allgeier,ARI,RB,cc96bec4-e99d-45c3-bc46-63b89879cc0c,6844d736-d85b-41bf-9d57-b826e34fe2e7,,12,,The Pointer,263f68e0-a243-46a0-95f3-da997f476b2f,11.0,200000.0,20304,,,,,,,,,,
2026-05-19 01:44:12 UTC,99,8b881421-a482-4cae-83bd-a19a96ec5eda,Rico,Dowdle,PIT,RB,467c48a4-416e-4110-b26c-ed87c22e5507,49229e31-9a86-4620-ad69-c8f88405d26a,,12,,The Frenchie 3,f862a116-a69f-4db7-aeaf-29155b579be7,10.0,50000.0,5616,,,,,,,,,,
2026-05-05 01:48:29 UTC,60,89d88336-52d9-468c-bbe3-c1167c2e7819,Carnell,Tate,TEN,WR,c6677334-70a3-4b26-93e8-2bfab3fa84c7,5f2705a4-4a76-4ffe-a8e9-bd0b0b067b35,,12,,The Dachshund,1f35c88b-e5c4-4b8c-b42a-db74f55d7a18,8.0,200000.0,28080,,,,,,,,,,
2026-06-28 02:29:30 UTC,194,5df1a513-165c-4a68-8430-397522553e27,Dontayvion,Wicks,PHI,WR,02211811-63df-41db-9181-34910d1fa7c1,ad19b693-0616-48d3-a661-eec35e697823,,12,,The Poodle,74fc3940-bde1-4dbc-aeb1-36e3fc49c70d,7.0,350000.0,55800,,,,,,,,,,
2026-06-07 23:35:36 UTC,38,01714e65-49e3-4185-8e4a-6a7ae051d5bf,Josh,Jacobs,GB,RB,fc0705d2-2946-4467-b5bf-e615c597292f,b9906f44-456a-4789-840b-677404101d5e,,12,,The Puppy 2,e9f88543-f815-4db2-a076-1271fb35160c,5.0,1000000.0,225000,,,,,,,,,,
2026-06-27 02:13:29 UTC,134,03132f54-3982-4620-8495-c8fb6ec423f8,Jalen,Coker,CAR,WR,a86c4493-d380-49ad-9e7f-2c97dd59ecc0,001a694a-1bd0-46e8-8234-beef750e259b,,12,,The Frenchie 7,b67b7b55-004c-4cee-9c2d-c223e6eea3f9,20.0,50000.0,2808,,,,,,,,,,
2026-06-13 19:43:37 UTC,47,c06c8642-d1d0-4df1-8254-ee4e0ea70c5f,Terry,McLaurin,WAS,WR,beeb1ab6-ef30-43a7-8d66-3bd7ad90167b,9db2dfa3-a3a0-488f-b7fd-d54e71621df8,,12,,The Frenchie 6,fb385198-3437-4c2e-aa39-efca53e73c60,8.0,50000.0,7020,,,,,,,,,,
2026-07-04 22:53:39 UTC,137,f9b4b51b-3d0e-47b6-bbc4-d73ed3340f82,Daniel,Jones,IND,QB,c1f4fd53-680b-4da0-8624-96a3d6475642,e34f2394-2e6e-429f-941b-961e2e8db3fa,,12,,The Chihuahua,9482f23f-3368-461d-83bd-7c706ffba069,4.0,250000.0,70308,,,,,,,,,,
2026-04-27 20:50:45 UTC,48,fed6c701-5437-4965-b008-d65eb8280fea,Mike,Evans,SF,WR,5b5fddd4-161a-4958-b2ff-9f9570d277ed,4ea19481-bcf6-4061-8709-1011a29e59d3,,12,,Best Ball Mania VII,deb0e69e-d357-4f7e-affa-2d5b8a726da8,25.0,15000000.0,672336,,,,,,,,,,
2026-05-29 20:25:17 UTC,146,e7734d2c-72f2-49da-91b8-6d09036794be,Oronde,Gadsden,LAC,TE,51a296f1-cf02-4089-88ef-2ff01a76fc00,81b48250-81c0-4439-b0d4-cb131868bdb0,,12,,The Pomeranian,dc6e77f6-581c-45a7-9bcf-0932e628037e,3.0,300000.0,112800,,,,,,,,,,
2026-06-06 01:58:00 UTC,18,6ed8fa4f-065c-4166-bd39-81555e655948,Chase,Brown,CIN,RB,68edc017-58cd-470d-a1b3-268fcd2f3a54,01732e46-351b-4715-be3c-92f480ce2661,,12,,The Frenchie 5,97e0d089-6357-4fe3-9875-49e1d99ca74a,2.0,50000.0,28200,,,,,,,,,,
2026-04-27 21:45:28 UTC,4,cedb5dc7-eb8d-4928-bf85-aea13ee90967,Puka,Nacua,LAR,WR,e8d64591-3f6d-4d66-bb7d-792292fc03e2,3a5a34c4-4d64-4e39-8ea0-5373b998851b,,12,,The Puppy,b42dca9a-7a0c-4c32-963d-a0ddfe179e0a,5.0,1000000.0,225000,,,,,,,,,,
2026-05-30 16:22:39 UTC,55,fdd6ca8b-286d-4eb3-86e0-d2f970f6fa9c,Jaylen,Waddle,DEN,WR,4a756ff0-2931-40b3-857d-bcda46c63eaf,42bf770f-244e-4fac-9988-b29cf78ebdd1,,12,,The Pomeranian,dc6e77f6-581c-45a7-9bcf-0932e628037e,3.0,300000.0,112800,,,,,,,,,,
2026-06-07 16:42:17 UTC,107,11fab77a-8096-44ac-a426-6b8c9fddc723,Kyle,Pitts,ATL,TE,07a61fec-0cd9-4f61-bd79-e7cecd910090,e471f89f-1103-4c38-8bd7-592c002e727c,,12,,The Frenchie 5,97e0d089-6357-4fe3-9875-49e1d99ca74a,2.0,50000.0,28200,,,,,,,,,,
2026-06-13 20:29:49 UTC,94,a7519d55-5b58-4b16-a1ca-dce4c21ab284,Kyle,Monangai,CHI,RB,dcdd70a5-307a-4539-b829-043852012e3a,3dc1001a-cb14-474f-9984-4c08fd16ab4c,,12,,The Frenchie 6,fb385198-3437-4c2e-aa39-efca53e73c60,8.0,50000.0,7020,,,,,,,,,,
2026-06-30 20:40:13 UTC,99,897642f1-74d8-4cf7-8a33-7fbcbd48d248,Bo,Nix,DEN,QB,fd0eb170-a9b3-46b3-9dc0-cdf7ca546f12,47c9f223-0f07-4f52-bb15-337d1c09cd61,,12,,The Little Dalmatian,9be71122-4880-4cb8-afa7-f508779bd554,1.0,100000.0,112800,,,,,,,,,,
2026-07-01 23:39:40 UTC,189,52947412-4003-4b6b-9660-5a2aa4ca1bd7,Calvin,Ridley,TEN,WR,157c0aa8-6803-4802-b214-b18a55085899,1ba62fc7-d34e-4c81-8987-feef98922bb2,,12,,Best Ball Mania VII,deb0e69e-d357-4f7e-affa-2d5b8a726da8,25.0,15000000.0,672336,,,,,,,,,,
2026-07-01 20:34:49 UTC,184,52947412-4003-4b6b-9660-5a2aa4ca1bd7,Calvin,Ridley,TEN,WR,c24b3ba9-8cc2-464c-9e9d-b41415df5fde,12a32a52-1277-49f1-9dc6-46016e4d9ce4,,12,,Best Ball Mania VII,deb0e69e-d357-4f7e-affa-2d5b8a726da8,25.0,15000000.0,672336,,,,,,,,,,
2026-05-03 19:18:09 UTC,58,dc3bcebb-9e77-437c-9f51-57548947a981,D'Andre,Swift,CHI,RB,93578258-83c7-468f-8927-bf61b153d9a7,a0c6aea8-4750-4438-b561-9d5df2c0a1c0,,12,,The Puppy,b42dca9a-7a0c-4c32-963d-a0ddfe179e0a,5.0,1000000.0,225000,,,,,,,,,,
2026-06-30 21:10:31 UTC,50,719db736-34b5-4990-ae8a-86d851f9eb37,Quinshon,Judkins,CLE,RB,8d6a404e-75d0-46e0-b160-95044ca05255,3a86e85d-490f-44a4-aa4b-6e22b69d33b6,,12,,The Little Dalmatian,9be71122-4880-4cb8-afa7-f508779bd554,1.0,100000.0,112800,,,,,,,,,,
2026-07-01 23:56:25 UTC,50,61dc9c11-cbf2-4508-bc17-54da23abfb8d,Davante,Adams,LAR,WR,7c04b4d7-0b19-4507-8e9f-913f0bc64b6d,573a5e56-73ca-4979-a46a-28d1fb2a8869,,12,,Best Ball Mania VII,deb0e69e-d357-4f7e-affa-2d5b8a726da8,25.0,15000000.0,672336,,,,,,,,,,
2026-06-28 02:02:19 UTC,50,61dc9c11-cbf2-4508-bc17-54da23abfb8d,Davante,Adams,LAR,WR,02211811-63df-41db-9181-34910d1fa7c1,ad19b693-0616-48d3-a661-eec35e697823,,12,,The Poodle,74fc3940-bde1-4dbc-aeb1-36e3fc49c70d,7.0,350000.0,55800,,,,,,,,,,
2026-04-30 00:37:59 UTC,74,8abc1bed-0838-40ba-8959-45444bf778a5,RJ,Harvey,DEN,RB,cc7dd979-a980-4510-9e69-8c31e7fbd3fc,1eb32a63-95bc-45ab-b4e3-62a51b6d46dd,,12,,The Puppy,b42dca9a-7a0c-4c32-963d-a0ddfe179e0a,5.0,1000000.0,225000,,,,,,,,,,
2026-06-26 22:11:15 UTC,44,01714e65-49e3-4185-8e4a-6a7ae051d5bf,Josh,Jacobs,GB,RB,e4521940-bfbc-4096-b0ee-f6e05d2b348f,3219288e-9a5c-4032-865d-90e021bdc5e0,,12,,The Poodle,74fc3940-bde1-4dbc-aeb1-36e3fc49c70d,7.0,350000.0,55800,,,,,,,,,,
2026-06-07 16:33:24 UTC,59,6e351f30-740b-4649-b1c3-28b52f7ee0a4,Bhayshul,Tuten,JAX,RB,07a61fec-0cd9-4f61-bd79-e7cecd910090,e471f89f-1103-4c38-8bd7-592c002e727c,,12,,The Frenchie 5,97e0d089-6357-4fe3-9875-49e1d99ca74a,2.0,50000.0,28200,,,,,,,,,,
2026-06-27 01:23:33 UTC,76,017da9b8-968f-4baa-858f-d8bbf32373ee,Rhamondre,Stevenson,NE,RB,8d9fd882-6280-4862-8289-8c81f97a29fb,86373a61-b505-441e-84a2-fe9879aabb06,,12,,The Poodle,74fc3940-bde1-4dbc-aeb1-36e3fc49c70d,7.0,350000.0,55800,,,,,,,,,,
2026-04-30 00:41:58 UTC,98,a732f00b-cb01-4c0d-8b64-6d8b605bf45f,Brock,Purdy,SF,QB,cc7dd979-a980-4510-9e69-8c31e7fbd3fc,1eb32a63-95bc-45ab-b4e3-62a51b6d46dd,,12,,The Puppy,b42dca9a-7a0c-4c32-963d-a0ddfe179e0a,5.0,1000000.0,225000,,,,,,,,,,
2026-06-16 02:10:41 UTC,50,fdd6ca8b-286d-4eb3-86e0-d2f970f6fa9c,Jaylen,Waddle,DEN,WR,8bc1b5b9-1778-4802-9b94-52d59f8f0cb2,101f183f-2a0c-471e-b987-d67e723dbad8,,12,,The Puppy 2,e9f88543-f815-4db2-a076-1271fb35160c,5.0,1000000.0,225000,,,,,,,,,,
2026-06-30 21:31:32 UTC,194,5df1a513-165c-4a68-8430-397522553e27,Dontayvion,Wicks,PHI,WR,a2685405-d4d0-4a4f-ba7a-82a3af77d83b,3c44495f-eda8-4def-9afd-03357d5d4972,,12,,The Little Dalmatian,9be71122-4880-4cb8-afa7-f508779bd554,1.0,100000.0,112800,,,,,,,,,,
2026-06-18 01:11:25 UTC,182,2b915546-701a-43ba-83b8-14b637feaff5,Tank,Dell,HOU,WR,fc0705d2-2946-4467-b5bf-e615c597292f,b9906f44-456a-4789-840b-677404101d5e,,12,,The Puppy 2,e9f88543-f815-4db2-a076-1271fb35160c,5.0,1000000.0,225000,,,,,,,,,,
2026-06-13 17:59:51 UTC,128,a84c94e2-eaef-4db4-b83d-08c6c6156581,Khalil,Shakir,BUF,WR,c8e9011c-e455-444e-ac54-5ea37d5e5ba0,d16119ee-7d13-4d22-95ae-16c787190abf,,12,,The Frenchie 6,fb385198-3437-4c2e-aa39-efca53e73c60,8.0,50000.0,7020,,,,,,,,,,
2026-06-30 16:29:02 UTC,165,7d7766b7-6c5c-4a3f-9d89-adda8940df3d,Deebo,Samuel,,WR,99e0a524-535d-4697-a0ec-96f672de3dab,04c3c42f-a536-438c-811d-9a168f4304dd,,12,,The Little Dalmatian,9be71122-4880-4cb8-afa7-f508779bd554,1.0,100000.0,112800,,,,,,,,,,
2026-06-30 21:27:38 UTC,170,76ded0dc-a456-4503-a04d-a4fb41aafbc8,Zachariah,Branch,ATL,WR,8d6a404e-75d0-46e0-b160-95044ca05255,3a86e85d-490f-44a4-aa4b-6e22b69d33b6,,12,,The Little Dalmatian,9be71122-4880-4cb8-afa7-f508779bd554,1.0,100000.0,112800,,,,,,,,,,
2026-06-15 00:38:02 UTC,93,609c7ac6-7a6a-49e2-bc37-6ad755dc8513,Xavier,Worthy,KC,WR,18452539-317f-4b75-b676-c9802ab905a6,46b95838-1f8d-428f-a1f0-e37de53036b7,,12,,The Pointer,263f68e0-a243-46a0-95f3-da997f476b2f,11.0,200000.0,20304,,,,,,,,,,
2026-06-28 01:57:43 UTC,23,d7fc5a7b-bbb5-4b53-a9d4-58780f9d3ba1,A.J.,Brown,NE,WR,02211811-63df-41db-9181-34910d1fa7c1,ad19b693-0616-48d3-a661-eec35e697823,,12,,The Poodle,74fc3940-bde1-4dbc-aeb1-36e3fc49c70d,7.0,350000.0,55800,,,,,,,,,,
2026-06-30 20:32:41 UTC,46,081d65a4-1d29-40ff-9ca1-dabad6887ff2,Cam,Skattebo,NYG,RB,fd0eb170-a9b3-46b3-9dc0-cdf7ca546f12,47c9f223-0f07-4f52-bb15-337d1c09cd61,,12,,The Little Dalmatian,9be71122-4880-4cb8-afa7-f508779bd554,1.0,100000.0,112800,,,,,,,,,,
2026-04-30 00:33:58 UTC,50,4b14baf1-115c-4fde-b12b-fa3ec53ab612,David,Montgomery,HOU,RB,cc7dd979-a980-4510-9e69-8c31e7fbd3fc,1eb32a63-95bc-45ab-b4e3-62a51b6d46dd,,12,,The Puppy,b42dca9a-7a0c-4c32-963d-a0ddfe179e0a,5.0,1000000.0,225000,,,,,,,,,,
2026-06-14 15:31:21 UTC,88,8b881421-a482-4cae-83bd-a19a96ec5eda,Rico,Dowdle,PIT,RB,bb3d8ce0-a6dd-4b4c-a4e6-8ea1144bec7f,9a9db9d5-48f5-464f-b1f7-a11c4d42469c,,12,,The Pointer,263f68e0-a243-46a0-95f3-da997f476b2f,11.0,200000.0,20304,,,,,,,,,,
2026-06-30 21:34:20 UTC,151,9f843748-952c-4e26-b336-d35a73a18c2e,Chig,Okonkwo,WAS,TE,aa9014c1-bc8e-48b8-bc90-f528f4f2813f,c3114e6d-dc2c-4910-be08-0943e5f89ccd,,12,,The Little Dalmatian,9be71122-4880-4cb8-afa7-f508779bd554,1.0,100000.0,112800,,,,,,,,,,
2026-06-26 22:16:38 UTC,77,41bac526-b103-4a40-9142-dcef21e5da72,Jaylen,Warren,PIT,RB,e4521940-bfbc-4096-b0ee-f6e05d2b348f,3219288e-9a5c-4032-865d-90e021bdc5e0,,12,,The Poodle,74fc3940-bde1-4dbc-aeb1-36e3fc49c70d,7.0,350000.0,55800,,,,,,,,,,
2026-06-16 18:05:37 UTC,65,7d59fc1e-990c-4002-994f-3c5e32b058ca,Jordyn,Tyson,NO,WR,7cb24e63-0e7c-427f-86a7-ba712aee4de0,12ca49b3-d51c-4599-a3fb-c9c0779b53b5,,12,,The Pointer,263f68e0-a243-46a0-95f3-da997f476b2f,11.0,200000.0,20304,,,,,,,,,,
2026-06-13 20:17:15 UTC,27,2955db5c-a718-4e9b-a9bf-c9c51a1a4c11,Trey,McBride,ARI,TE,dcdd70a5-307a-4539-b829-043852012e3a,3dc1001a-cb14-474f-9984-4c08fd16ab4c,,12,,The Frenchie 6,fb385198-3437-4c2e-aa39-efca53e73c60,8.0,50000.0,7020,,,,,,,,,,
2026-06-27 01:25:58 UTC,93,cf099f63-ced6-4321-9a10-2b3ef7692315,Jordan,Addison,MIN,WR,8d9fd882-6280-4862-8289-8c81f97a29fb,86373a61-b505-441e-84a2-fe9879aabb06,,12,,The Poodle,74fc3940-bde1-4dbc-aeb1-36e3fc49c70d,7.0,350000.0,55800,,,,,,,,,,
2026-05-07 00:23:26 UTC,100,a732f00b-cb01-4c0d-8b64-6d8b605bf45f,Brock,Purdy,SF,QB,b22a71c9-dafa-420d-bc8f-9307f6f5704d,a23b9a93-c543-453f-8918-6d02c64df95c,,12,,The Mini Golden,49d2b4fe-fb5c-42a4-bc6a-e9b18547535a,2.0,20000.0,11280,,,,,,,,,,
2026-06-30 20:39:15 UTC,95,a7519d55-5b58-4b16-a1ca-dce4c21ab284,Kyle,Monangai,CHI,RB,c6b80e46-44d6-4446-8b92-04a69a71c79b,ef27d9db-d06c-4c32-a278-d7eebf99b27d,,12,,The Little Dalmatian,9be71122-4880-4cb8-afa7-f508779bd554,1.0,100000.0,112800,,,,,,,,,,
2026-05-18 17:25:43 UTC,118,eb7d78fd-a58f-49f4-a5c6-6e75cf6903c0,Aaron,Jones,MIN,RB,a9506484-351b-44dd-91cf-c8f8e9ecda9d,155fb692-2a8a-4c9d-84b5-21f4eab042e7,,12,,The Frenchie 3,f862a116-a69f-4db7-aeaf-29155b579be7,10.0,50000.0,5616,,,,,,,,,,
2026-07-01 20:08:10 UTC,16,6ed8fa4f-065c-4166-bd39-81555e655948,Chase,Brown,CIN,RB,c24b3ba9-8cc2-464c-9e9d-b41415df5fde,12a32a52-1277-49f1-9dc6-46016e4d9ce4,,12,,Best Ball Mania VII,deb0e69e-d357-4f7e-affa-2d5b8a726da8,25.0,15000000.0,672336,,,,,,,,,,
2026-06-28 03:09:37 UTC,113,48fe455e-166b-42f0-8c77-9b6a9d03d251,Wan'Dale,Robinson,TEN,WR,3f662d0c-53c7-4824-af8a-337f6aa31cdb,94203baa-4cc4-4381-a4ec-d3dcbd449244,,12,,The Poodle,74fc3940-bde1-4dbc-aeb1-36e3fc49c70d,7.0,350000.0,55800,,,,,,,,,,
2026-06-27 01:53:51 UTC,11,60d2284c-5727-4476-8eaa-fa734e0d9f01,James,Cook,BUF,RB,a86c4493-d380-49ad-9e7f-2c97dd59ecc0,001a694a-1bd0-46e8-8234-beef750e259b,,12,,The Frenchie 7,b67b7b55-004c-4cee-9c2d-c223e6eea3f9,20.0,50000.0,2808,,,,,,,,,,
2026-06-26 22:39:18 UTC,212,ae5ffec8-ddb5-44de-bfbe-0ac08be1c2ae,Ted,Hurst,TB,WR,e4521940-bfbc-4096-b0ee-f6e05d2b348f,3219288e-9a5c-4032-865d-90e021bdc5e0,,12,,The Poodle,74fc3940-bde1-4dbc-aeb1-36e3fc49c70d,7.0,350000.0,55800,,,,,,,,,,
2026-06-13 18:07:00 UTC,176,268e4c6c-716d-467c-856a-1297e1c743cf,Cade,Otton,TB,TE,c8e9011c-e455-444e-ac54-5ea37d5e5ba0,d16119ee-7d13-4d22-95ae-16c787190abf,,12,,The Frenchie 6,fb385198-3437-4c2e-aa39-efca53e73c60,8.0,50000.0,7020,,,,,,,,,,
2026-06-15 00:55:30 UTC,189,4f3c5505-9940-4dfc-bc57-603892bccb40,Germie,Bernard,PIT,WR,18452539-317f-4b75-b676-c9802ab905a6,46b95838-1f8d-428f-a1f0-e37de53036b7,,12,,The Pointer,263f68e0-a243-46a0-95f3-da997f476b2f,11.0,200000.0,20304,,,,,,,,,,
2026-05-30 16:32:40 UTC,127,2a053c32-61bf-40b3-95b7-3ab291a52d72,Baker,Mayfield,TB,QB,4a756ff0-2931-40b3-857d-bcda46c63eaf,42bf770f-244e-4fac-9988-b29cf78ebdd1,,12,,The Pomeranian,dc6e77f6-581c-45a7-9bcf-0932e628037e,3.0,300000.0,112800,,,,,,,,,,
2026-07-01 23:51:53 UTC,23,bcd9dd40-142a-4f3c-b47e-654117d32658,Nico,Collins,HOU,WR,7c04b4d7-0b19-4507-8e9f-913f0bc64b6d,573a5e56-73ca-4979-a46a-28d1fb2a8869,,12,,Best Ball Mania VII,deb0e69e-d357-4f7e-affa-2d5b8a726da8,25.0,15000000.0,672336,,,,,,,,,,
2026-04-27 20:55:09 UTC,72,e1bb7729-b87e-4abc-9743-f469d20839bd,Drake,Maye,NE,QB,5b5fddd4-161a-4958-b2ff-9f9570d277ed,4ea19481-bcf6-4061-8709-1011a29e59d3,,12,,Best Ball Mania VII,deb0e69e-d357-4f7e-affa-2d5b8a726da8,25.0,15000000.0,672336,,,,,,,,,,
2026-06-18 01:07:03 UTC,180,db9d8880-ccab-480e-8fa3-d0e1c1fe0297,Aaron,Rodgers,PIT,QB,5f3635e6-00c0-4e05-8061-2f120307809c,c67f0a85-75e3-4ed8-90ed-9652d1d31f0f,,12,,The Puppy 2,e9f88543-f815-4db2-a076-1271fb35160c,5.0,1000000.0,225000,,,,,,,,,,
2026-04-28 01:45:13 UTC,56,081d65a4-1d29-40ff-9ca1-dabad6887ff2,Cam,Skattebo,NYG,RB,9c64b40e-bbeb-4351-a440-aab775bdd166,e1bd5b1d-1339-4425-962f-37bc39dc3ebf,,12,,The Puppy,b42dca9a-7a0c-4c32-963d-a0ddfe179e0a,5.0,1000000.0,225000,,,,,,,,,,
2026-06-28 02:20:31 UTC,146,807899c2-41e6-4f82-9091-0d34be8ab610,Jauan,Jennings,MIN,WR,02211811-63df-41db-9181-34910d1fa7c1,ad19b693-0616-48d3-a661-eec35e697823,,12,,The Poodle,74fc3940-bde1-4dbc-aeb1-36e3fc49c70d,7.0,350000.0,55800,,,,,,,,,,
2026-05-18 17:33:12 UTC,166,7d34e47d-044c-4a44-90b4-d1ce54549cea,T.J.,Hockenson,MIN,TE,a9506484-351b-44dd-91cf-c8f8e9ecda9d,155fb692-2a8a-4c9d-84b5-21f4eab042e7,,12,,The Frenchie 3,f862a116-a69f-4db7-aeaf-29155b579be7,10.0,50000.0,5616,,,,,,,,,,
2026-06-27 18:57:11 UTC,56,6e351f30-740b-4649-b1c3-28b52f7ee0a4,Bhayshul,Tuten,JAX,RB,e729fd0a-84da-4388-9a97-f005c119292c,62779072-7688-4f57-82f0-ac631dab5f4d,,12,,The Poodle,74fc3940-bde1-4dbc-aeb1-36e3fc49c70d,7.0,350000.0,55800,,,,,,,,,,
2026-06-25 01:21:48 UTC,74,017da9b8-968f-4baa-858f-d8bbf32373ee,Rhamondre,Stevenson,NE,RB,175cb4d1-f4c4-4642-a486-4095470db90c,97593f40-b53a-413a-b69f-0bb12e20df3e,,12,,The Poodle,74fc3940-bde1-4dbc-aeb1-36e3fc49c70d,7.0,350000.0,55800,,,,,,,,,,
2026-06-27 16:34:05 UTC,148,5387ce75-723a-46f8-a393-b0bd2207291c,Tre,Tucker,LV,WR,0127974d-50ed-49b5-926f-053b77094d4b,ea7c3697-aac3-4ac7-9928-cb003003c914,,12,,The Poodle,74fc3940-bde1-4dbc-aeb1-36e3fc49c70d,7.0,350000.0,55800,,,,,,,,,,
2026-06-28 02:15:53 UTC,122,a84c94e2-eaef-4db4-b83d-08c6c6156581,Khalil,Shakir,BUF,WR,02211811-63df-41db-9181-34910d1fa7c1,ad19b693-0616-48d3-a661-eec35e697823,,12,,The Poodle,74fc3940-bde1-4dbc-aeb1-36e3fc49c70d,7.0,350000.0,55800,,,,,,,,,,
2026-05-19 01:43:33 UTC,94,8a17ba41-08bf-455e-852c-e5f9776021af,Patrick,Mahomes,KC,QB,467c48a4-416e-4110-b26c-ed87c22e5507,49229e31-9a86-4620-ad69-c8f88405d26a,,12,,The Frenchie 3,f862a116-a69f-4db7-aeaf-29155b579be7,10.0,50000.0,5616,,,,,,,,,,
2026-07-01 21:01:09 UTC,94,8abc1bed-0838-40ba-8959-45444bf778a5,RJ,Harvey,DEN,RB,adceec9f-5f0a-4eb4-8204-d8745c3c8374,f7a23d8d-6aaf-4902-8fed-d7b6e3fcaf8a,,12,,Best Ball Mania VII,deb0e69e-d357-4f7e-affa-2d5b8a726da8,25.0,15000000.0,672336,,,,,,,,,,
2026-06-25 01:17:37 UTC,50,4b14baf1-115c-4fde-b12b-fa3ec53ab612,David,Montgomery,HOU,RB,175cb4d1-f4c4-4642-a486-4095470db90c,97593f40-b53a-413a-b69f-0bb12e20df3e,,12,,The Poodle,74fc3940-bde1-4dbc-aeb1-36e3fc49c70d,7.0,350000.0,55800,,,,,,,,,,
2026-06-30 20:52:28 UTC,191,52947412-4003-4b6b-9660-5a2aa4ca1bd7,Calvin,Ridley,TEN,WR,c6b80e46-44d6-4446-8b92-04a69a71c79b,ef27d9db-d06c-4c32-a278-d7eebf99b27d,,12,,The Little Dalmatian,9be71122-4880-4cb8-afa7-f508779bd554,1.0,100000.0,112800,,,,,,,,,,
2026-05-07 00:22:16 UTC,93,9b619115-cbc1-481f-869a-afb01b859710,Jaxson,Dart,NYG,QB,b22a71c9-dafa-420d-bc8f-9307f6f5704d,a23b9a93-c543-453f-8918-6d02c64df95c,,12,,The Mini Golden,49d2b4fe-fb5c-42a4-bc6a-e9b18547535a,2.0,20000.0,11280,,,,,,,,,,
2026-06-30 21:28:11 UTC,182,268e4c6c-716d-467c-856a-1297e1c743cf,Cade,Otton,TB,TE,97fa549a-2fd2-4ebe-9071-2c48cb9d9cae,bc7a1cd8-4613-48dd-97ec-1400b5bbb6a2,,12,,The Little Dalmatian,9be71122-4880-4cb8-afa7-f508779bd554,1.0,100000.0,112800,,,,,,,,,,
2026-06-27 01:54:17 UTC,14,9f4b0912-cb1e-4d16-b82b-45b05b012839,Ashton,Jeanty,LV,RB,a86c4493-d380-49ad-9e7f-2c97dd59ecc0,001a694a-1bd0-46e8-8234-beef750e259b,,12,,The Frenchie 7,b67b7b55-004c-4cee-9c2d-c223e6eea3f9,20.0,50000.0,2808,,,,,,,,,,
2026-06-16 18:23:57 UTC,185,76ded0dc-a456-4503-a04d-a4fb41aafbc8,Zachariah,Branch,ATL,WR,7cb24e63-0e7c-427f-86a7-ba712aee4de0,12ca49b3-d51c-4599-a3fb-c9c0779b53b5,,12,,The Pointer,263f68e0-a243-46a0-95f3-da997f476b2f,11.0,200000.0,20304,,,,,,,,,,
2026-04-28 01:58:36 UTC,137,b1f2f8ae-4b05-4a35-b9fb-6f5a6853e2eb,Rachaad,White,WAS,RB,9c64b40e-bbeb-4351-a440-aab775bdd166,e1bd5b1d-1339-4425-962f-37bc39dc3ebf,,12,,The Puppy,b42dca9a-7a0c-4c32-963d-a0ddfe179e0a,5.0,1000000.0,225000,,,,,,,,,,
2026-06-13 17:50:02 UTC,65,41bac526-b103-4a40-9142-dcef21e5da72,Jaylen,Warren,PIT,RB,c8e9011c-e455-444e-ac54-5ea37d5e5ba0,d16119ee-7d13-4d22-95ae-16c787190abf,,12,,The Frenchie 6,fb385198-3437-4c2e-aa39-efca53e73c60,8.0,50000.0,7020,,,,,,,,,,
2026-06-18 18:45:31 UTC,147,807899c2-41e6-4f82-9091-0d34be8ab610,Jauan,Jennings,MIN,WR,c86fdc40-9150-425e-8b6d-3fa9413a3d63,58ba5202-112d-4b45-9e12-c64d3018c462,,12,,The Puppy 2,e9f88543-f815-4db2-a076-1271fb35160c,5.0,1000000.0,225000,,,,,,,,,,
2026-06-07 16:58:19 UTC,148,e08333f4-72da-4d6b-8a4a-7258093eda3c,C.J.,Stroud,HOU,QB,d62515b7-92c9-48d2-a17c-d25afa00d06a,1b2b5ae3-9bd6-4fe7-87c1-b23f09c7dd5f,,12,,The Puppy,b42dca9a-7a0c-4c32-963d-a0ddfe179e0a,5.0,1000000.0,225000,,,,,,,,,,
2026-06-06 02:14:43 UTC,127,9077a1e5-ae83-43f2-ad88-8e44df2d6f4d,Jake,Ferguson,DAL,TE,68edc017-58cd-470d-a1b3-268fcd2f3a54,01732e46-351b-4715-be3c-92f480ce2661,,12,,The Frenchie 5,97e0d089-6357-4fe3-9875-49e1d99ca74a,2.0,50000.0,28200,,,,,,,,,,
2026-06-25 01:11:07 UTC,2,25cbfc55-cb8a-4589-85de-e91870f65952,Bijan,Robinson,ATL,RB,175cb4d1-f4c4-4642-a486-4095470db90c,97593f40-b53a-413a-b69f-0bb12e20df3e,,12,,The Poodle,74fc3940-bde1-4dbc-aeb1-36e3fc49c70d,7.0,350000.0,55800,,,,,,,,,,
2026-07-01 21:05:18 UTC,118,0b41b52c-c6f3-43bd-a655-35023705d92e,KC,Concepcion,CLE,WR,adceec9f-5f0a-4eb4-8204-d8745c3c8374,f7a23d8d-6aaf-4902-8fed-d7b6e3fcaf8a,,12,,Best Ball Mania VII,deb0e69e-d357-4f7e-affa-2d5b8a726da8,25.0,15000000.0,672336,,,,,,,,,,
2026-07-04 22:34:15 UTC,17,6ed8fa4f-065c-4166-bd39-81555e655948,Chase,Brown,CIN,RB,c1f4fd53-680b-4da0-8624-96a3d6475642,e34f2394-2e6e-429f-941b-961e2e8db3fa,,12,,The Chihuahua,9482f23f-3368-461d-83bd-7c706ffba069,4.0,250000.0,70308,,,,,,,,,,
2026-06-13 19:58:22 UTC,143,9abe9b0f-ac15-496a-9fe6-8e2936d122c1,Tyler,Allgeier,ARI,RB,beeb1ab6-ef30-43a7-8d66-3bd7ad90167b,9db2dfa3-a3a0-488f-b7fd-d54e71621df8,,12,,The Frenchie 6,fb385198-3437-4c2e-aa39-efca53e73c60,8.0,50000.0,7020,,,,,,,,,,
2026-06-06 02:12:39 UTC,114,e2ea9022-a228-40b1-b668-5ac1fbe7e174,Travis,Kelce,KC,TE,68edc017-58cd-470d-a1b3-268fcd2f3a54,01732e46-351b-4715-be3c-92f480ce2661,,12,,The Frenchie 5,97e0d089-6357-4fe3-9875-49e1d99ca74a,2.0,50000.0,28200,,,,,,,,,,
2026-05-26 13:11:07 UTC,45,081d65a4-1d29-40ff-9ca1-dabad6887ff2,Cam,Skattebo,NYG,RB,d62515b7-92c9-48d2-a17c-d25afa00d06a,1b2b5ae3-9bd6-4fe7-87c1-b23f09c7dd5f,,12,,The Puppy,b42dca9a-7a0c-4c32-963d-a0ddfe179e0a,5.0,1000000.0,225000,,,,,,,,,,
2026-04-27 21:13:50 UTC,169,05a6881d-5311-49a0-be02-83b85e831b2b,Tyjae,Spears,TEN,RB,5b5fddd4-161a-4958-b2ff-9f9570d277ed,4ea19481-bcf6-4061-8709-1011a29e59d3,,12,,Best Ball Mania VII,deb0e69e-d357-4f7e-affa-2d5b8a726da8,25.0,15000000.0,672336,,,,,,,,,,
2026-07-04 23:00:52 UTC,176,76ded0dc-a456-4503-a04d-a4fb41aafbc8,Zachariah,Branch,ATL,WR,c1f4fd53-680b-4da0-8624-96a3d6475642,e34f2394-2e6e-429f-941b-961e2e8db3fa,,12,,The Chihuahua,9482f23f-3368-461d-83bd-7c706ffba069,4.0,250000.0,70308,,,,,,,,,,
2026-04-27 21:21:48 UTC,216,76ded0dc-a456-4503-a04d-a4fb41aafbc8,Zachariah,Branch,ATL,WR,5b5fddd4-161a-4958-b2ff-9f9570d277ed,4ea19481-bcf6-4061-8709-1011a29e59d3,,12,,Best Ball Mania VII,deb0e69e-d357-4f7e-affa-2d5b8a726da8,25.0,15000000.0,672336,,,,,,,,,,
2026-05-03 19:37:15 UTC,183,4f3c5505-9940-4dfc-bc57-603892bccb40,Germie,Bernard,PIT,WR,93578258-83c7-468f-8927-bf61b153d9a7,a0c6aea8-4750-4438-b561-9d5df2c0a1c0,,12,,The Puppy,b42dca9a-7a0c-4c32-963d-a0ddfe179e0a,5.0,1000000.0,225000,,,,,,,,,,
2026-06-13 19:51:47 UTC,95,9b619115-cbc1-481f-869a-afb01b859710,Jaxson,Dart,NYG,QB,beeb1ab6-ef30-43a7-8d66-3bd7ad90167b,9db2dfa3-a3a0-488f-b7fd-d54e71621df8,,12,,The Frenchie 6,fb385198-3437-4c2e-aa39-efca53e73c60,8.0,50000.0,7020,,,,,,,,,,
2026-07-01 21:13:28 UTC,166,5387ce75-723a-46f8-a393-b0bd2207291c,Tre,Tucker,LV,WR,adceec9f-5f0a-4eb4-8204-d8745c3c8374,f7a23d8d-6aaf-4902-8fed-d7b6e3fcaf8a,,12,,Best Ball Mania VII,deb0e69e-d357-4f7e-affa-2d5b8a726da8,25.0,15000000.0,672336,,,,,,,,,,
2026-05-01 20:38:18 UTC,166,5d942e20-efde-4e9b-b4be-8112da68037a,Denzel,Boston,CLE,WR,c58bea11-09c9-4e5b-9d82-a2cdc152f383,f71057b8-1a09-4540-89d1-8a9011707c98,,12,,The Frenchie,4a7aa4af-c383-450f-b99b-373cfca8983b,15.0,50000.0,3720,,,,,,,,,,
2026-06-16 01:29:38 UTC,105,fbe947d5-246f-4e65-9c82-fe7480240b81,Blake,Corum,LAR,RB,e84e4778-2727-470c-b770-a62814de28f9,81bb0394-19b2-43be-83fa-fafb44b09808,,12,,The Pointer,263f68e0-a243-46a0-95f3-da997f476b2f,11.0,200000.0,20304,,,,,,,,,,
2026-06-06 02:01:57 UTC,42,56790984-c8f7-499a-a5cd-74c77b38028c,Ladd,McConkey,LAC,WR,68edc017-58cd-470d-a1b3-268fcd2f3a54,01732e46-351b-4715-be3c-92f480ce2661,,12,,The Frenchie 5,97e0d089-6357-4fe3-9875-49e1d99ca74a,2.0,50000.0,28200,,,,,,,,,,
2026-06-30 21:16:19 UTC,95,8a17ba41-08bf-455e-852c-e5f9776021af,Patrick,Mahomes,KC,QB,8d6a404e-75d0-46e0-b160-95044ca05255,3a86e85d-490f-44a4-aa4b-6e22b69d33b6,,12,,The Little Dalmatian,9be71122-4880-4cb8-afa7-f508779bd554,1.0,100000.0,112800,,,,,,,,,,
2026-06-30 21:40:41 UTC,186,4f3c5505-9940-4dfc-bc57-603892bccb40,Germie,Bernard,PIT,WR,aa9014c1-bc8e-48b8-bc90-f528f4f2813f,c3114e6d-dc2c-4910-be08-0943e5f89ccd,,12,,The Little Dalmatian,9be71122-4880-4cb8-afa7-f508779bd554,1.0,100000.0,112800,,,,,,,,,,
2026-06-30 21:31:36 UTC,206,0c387d43-416a-4895-932c-6ffdf97ff68a,Rashod,Bateman,BAL,WR,97fa549a-2fd2-4ebe-9071-2c48cb9d9cae,bc7a1cd8-4613-48dd-97ec-1400b5bbb6a2,,12,,The Little Dalmatian,9be71122-4880-4cb8-afa7-f508779bd554,1.0,100000.0,112800,,,,,,,,,,
2026-06-30 21:23:53 UTC,146,9e0fd3fb-73c5-4f37-b250-1b768168bbf1,Antonio,Williams,WAS,WR,8d6a404e-75d0-46e0-b160-95044ca05255,3a86e85d-490f-44a4-aa4b-6e22b69d33b6,,12,,The Little Dalmatian,9be71122-4880-4cb8-afa7-f508779bd554,1.0,100000.0,112800,,,,,,,,,,
2026-06-30 21:39:20 UTC,175,0c7ec0aa-bc36-49d5-a402-0cb26a244803,AJ,Barner,SEA,TE,aa9014c1-bc8e-48b8-bc90-f528f4f2813f,c3114e6d-dc2c-4910-be08-0943e5f89ccd,,12,,The Little Dalmatian,9be71122-4880-4cb8-afa7-f508779bd554,1.0,100000.0,112800,,,,,,,,,,
2026-07-04 22:50:06 UTC,113,897642f1-74d8-4cf7-8a33-7fbcbd48d248,Bo,Nix,DEN,QB,c1f4fd53-680b-4da0-8624-96a3d6475642,e34f2394-2e6e-429f-941b-961e2e8db3fa,,12,,The Chihuahua,9482f23f-3368-461d-83bd-7c706ffba069,4.0,250000.0,70308,,,,,,,,,,
2026-07-04 03:04:28 UTC,104,9ecd93f6-17dd-447b-96b7-8d54ca4ca886,Michael,Pittman Jr.,PIT,WR,41783140-10e9-431a-bd99-1d44fe5f3576,3eb75318-562b-43f3-8562-aff216ae2724,,12,,Best Ball Mania VII,deb0e69e-d357-4f7e-affa-2d5b8a726da8,25.0,15000000.0,672336,,,,,,,,,,
2026-06-16 02:35:57 UTC,215,9c0a23d8-b2c0-4b5f-b348-70cd1e1d6669,Chris,Brazzell,CAR,WR,8bc1b5b9-1778-4802-9b94-52d59f8f0cb2,101f183f-2a0c-471e-b987-d67e723dbad8,,12,,The Puppy 2,e9f88543-f815-4db2-a076-1271fb35160c,5.0,1000000.0,225000,,,,,,,,,,
2026-06-16 01:38:47 UTC,160,5387ce75-723a-46f8-a393-b0bd2207291c,Tre,Tucker,LV,WR,e84e4778-2727-470c-b770-a62814de28f9,81bb0394-19b2-43be-83fa-fafb44b09808,,12,,The Pointer,263f68e0-a243-46a0-95f3-da997f476b2f,11.0,200000.0,20304,,,,,,,,,,
2026-05-07 00:19:23 UTC,76,017da9b8-968f-4baa-858f-d8bbf32373ee,Rhamondre,Stevenson,NE,RB,b22a71c9-dafa-420d-bc8f-9307f6f5704d,a23b9a93-c543-453f-8918-6d02c64df95c,,12,,The Mini Golden,49d2b4fe-fb5c-42a4-bc6a-e9b18547535a,2.0,20000.0,11280,,,,,,,,,,
2026-06-27 18:55:28 UTC,41,01714e65-49e3-4185-8e4a-6a7ae051d5bf,Josh,Jacobs,GB,RB,e729fd0a-84da-4388-9a97-f005c119292c,62779072-7688-4f57-82f0-ac631dab5f4d,,12,,The Poodle,74fc3940-bde1-4dbc-aeb1-36e3fc49c70d,7.0,350000.0,55800,,,,,,,,,,
2026-06-25 01:29:01 UTC,122,d18a8c9c-dc6a-4ed2-af27-a631c40f0cb2,Jacory,Croskey-Merritt,WAS,RB,175cb4d1-f4c4-4642-a486-4095470db90c,97593f40-b53a-413a-b69f-0bb12e20df3e,,12,,The Poodle,74fc3940-bde1-4dbc-aeb1-36e3fc49c70d,7.0,350000.0,55800,,,,,,,,,,
2026-05-30 18:46:29 UTC,50,fdd6ca8b-286d-4eb3-86e0-d2f970f6fa9c,Jaylen,Waddle,DEN,WR,ba81aa92-671b-4c44-bdb4-e62f3cd70227,66b74861-8269-43d6-a4ba-37da26d1fa55,,12,,The Frenchie 4,29e5e908-c1d9-44d9-87e7-7873093259d4,30.0,50000.0,1872,,,,,,,,,,
2026-06-13 20:38:36 UTC,142,0f66297e-c3ab-4840-9cea-c73def0f5ab4,Cam,Ward,TEN,QB,dcdd70a5-307a-4539-b829-043852012e3a,3dc1001a-cb14-474f-9984-4c08fd16ab4c,,12,,The Frenchie 6,fb385198-3437-4c2e-aa39-efca53e73c60,8.0,50000.0,7020,,,,,,,,,,
2026-06-30 20:36:05 UTC,74,96b8e2a1-4f67-4f4f-807f-861566d4461c,Jalen,Hurts,PHI,QB,c6b80e46-44d6-4446-8b92-04a69a71c79b,ef27d9db-d06c-4c32-a278-d7eebf99b27d,,12,,The Little Dalmatian,9be71122-4880-4cb8-afa7-f508779bd554,1.0,100000.0,112800,,,,,,,,,,
2026-06-11 14:39:07 UTC,70,7c4c6c1d-bce9-45e7-9578-1eb5b4ace271,Tyler,Warren,IND,TE,c86fdc40-9150-425e-8b6d-3fa9413a3d63,58ba5202-112d-4b45-9e12-c64d3018c462,,12,,The Puppy 2,e9f88543-f815-4db2-a076-1271fb35160c,5.0,1000000.0,225000,,,,,,,,,,
2026-05-01 20:35:16 UTC,147,0f66297e-c3ab-4840-9cea-c73def0f5ab4,Cam,Ward,TEN,QB,c58bea11-09c9-4e5b-9d82-a2cdc152f383,f71057b8-1a09-4540-89d1-8a9011707c98,,12,,The Frenchie,4a7aa4af-c383-450f-b99b-373cfca8983b,15.0,50000.0,3720,,,,,,,,,,
2026-05-03 19:26:50 UTC,111,d18a8c9c-dc6a-4ed2-af27-a631c40f0cb2,Jacory,Croskey-Merritt,WAS,RB,93578258-83c7-468f-8927-bf61b153d9a7,a0c6aea8-4750-4438-b561-9d5df2c0a1c0,,12,,The Puppy,b42dca9a-7a0c-4c32-963d-a0ddfe179e0a,5.0,1000000.0,225000,,,,,,,,,,
2026-05-01 20:46:16 UTC,214,d580ee61-2ae9-4765-8065-85a4dc403af3,Mike,Gesicki,CIN,TE,c58bea11-09c9-4e5b-9d82-a2cdc152f383,f71057b8-1a09-4540-89d1-8a9011707c98,,12,,The Frenchie,4a7aa4af-c383-450f-b99b-373cfca8983b,15.0,50000.0,3720,,,,,,,,,,
2026-06-06 02:09:07 UTC,90,9b7b55a2-3b03-4e52-8928-eb34d7c82baa,Dak,Prescott,DAL,QB,68edc017-58cd-470d-a1b3-268fcd2f3a54,01732e46-351b-4715-be3c-92f480ce2661,,12,,The Frenchie 5,97e0d089-6357-4fe3-9875-49e1d99ca74a,2.0,50000.0,28200,,,,,,,,,,
2026-06-27 19:08:48 UTC,128,db550ba6-f791-445d-a02c-65d4b8967c52,Mark,Andrews,BAL,TE,e729fd0a-84da-4388-9a97-f005c119292c,62779072-7688-4f57-82f0-ac631dab5f4d,,12,,The Poodle,74fc3940-bde1-4dbc-aeb1-36e3fc49c70d,7.0,350000.0,55800,,,,,,,,,,
2026-06-16 01:18:57 UTC,40,01714e65-49e3-4185-8e4a-6a7ae051d5bf,Josh,Jacobs,GB,RB,e84e4778-2727-470c-b770-a62814de28f9,81bb0394-19b2-43be-83fa-fafb44b09808,,12,,The Pointer,263f68e0-a243-46a0-95f3-da997f476b2f,11.0,200000.0,20304,,,,,,,,,,
2026-04-27 21:00:08 UTC,97,8a17ba41-08bf-455e-852c-e5f9776021af,Patrick,Mahomes,KC,QB,5b5fddd4-161a-4958-b2ff-9f9570d277ed,4ea19481-bcf6-4061-8709-1011a29e59d3,,12,,Best Ball Mania VII,deb0e69e-d357-4f7e-affa-2d5b8a726da8,25.0,15000000.0,672336,,,,,,,,,,
2026-06-30 20:49:35 UTC,170,e351f43e-e09b-4509-be8b-9bfa83d46ad7,Ryan,Flournoy,DAL,WR,c6b80e46-44d6-4446-8b92-04a69a71c79b,ef27d9db-d06c-4c32-a278-d7eebf99b27d,,12,,The Little Dalmatian,9be71122-4880-4cb8-afa7-f508779bd554,1.0,100000.0,112800,,,,,,,,,,
2026-06-27 02:06:32 UTC,86,8b881421-a482-4cae-83bd-a19a96ec5eda,Rico,Dowdle,PIT,RB,a86c4493-d380-49ad-9e7f-2c97dd59ecc0,001a694a-1bd0-46e8-8234-beef750e259b,,12,,The Frenchie 7,b67b7b55-004c-4cee-9c2d-c223e6eea3f9,20.0,50000.0,2808,,,,,,,,,,
2026-07-01 21:10:43 UTC,147,3f365df5-b74c-451c-a67d-e3ad460752aa,Woody,Marks,HOU,RB,adceec9f-5f0a-4eb4-8204-d8745c3c8374,f7a23d8d-6aaf-4902-8fed-d7b6e3fcaf8a,,12,,Best Ball Mania VII,deb0e69e-d357-4f7e-affa-2d5b8a726da8,25.0,15000000.0,672336,,,,,,,,,,
2026-07-05 01:22:48 UTC,183,db9d8880-ccab-480e-8fa3-d0e1c1fe0297,Aaron,Rodgers,PIT,QB,82e46a8e-10dd-4fbf-9050-6575e10ab2fa,d87d5697-e8bf-4893-821b-c60562656d17,,12,,The Chihuahua,9482f23f-3368-461d-83bd-7c706ffba069,4.0,250000.0,70308,,,,,,,,,,
2026-06-16 02:17:33 UTC,98,fbe947d5-246f-4e65-9c82-fe7480240b81,Blake,Corum,LAR,RB,8bc1b5b9-1778-4802-9b94-52d59f8f0cb2,101f183f-2a0c-471e-b987-d67e723dbad8,,12,,The Puppy 2,e9f88543-f815-4db2-a076-1271fb35160c,5.0,1000000.0,225000,,,,,,,,,,
2026-05-30 19:06:26 UTC,167,9fd3effd-2d57-43d1-9da9-118e0aa3689b,Dalton,Schultz,HOU,TE,ba81aa92-671b-4c44-bdb4-e62f3cd70227,66b74861-8269-43d6-a4ba-37da26d1fa55,,12,,The Frenchie 4,29e5e908-c1d9-44d9-87e7-7873093259d4,30.0,50000.0,1872,,,,,,,,,,
2026-06-16 01:17:59 UTC,33,64d36d44-e477-496c-8250-80bc47e1d6d6,Travis,Etienne Jr.,NO,RB,e84e4778-2727-470c-b770-a62814de28f9,81bb0394-19b2-43be-83fa-fafb44b09808,,12,,The Pointer,263f68e0-a243-46a0-95f3-da997f476b2f,11.0,200000.0,20304,,,,,,,,,,
2026-07-04 03:12:51 UTC,161,9abe9b0f-ac15-496a-9fe6-8e2936d122c1,Tyler,Allgeier,ARI,RB,41783140-10e9-431a-bd99-1d44fe5f3576,3eb75318-562b-43f3-8562-aff216ae2724,,12,,Best Ball Mania VII,deb0e69e-d357-4f7e-affa-2d5b8a726da8,25.0,15000000.0,672336,,,,,,,,,,
2026-06-27 01:34:53 UTC,148,9e29ed5f-9125-4b00-8da2-5d01f868aa5f,Dallas,Goedert,PHI,TE,8d9fd882-6280-4862-8289-8c81f97a29fb,86373a61-b505-441e-84a2-fe9879aabb06,,12,,The Poodle,74fc3940-bde1-4dbc-aeb1-36e3fc49c70d,7.0,350000.0,55800,,,,,,,,,,
2026-05-25 04:00:21 UTC,21,91204d39-aa4f-4927-9728-3c80fde04371,Brock,Bowers,LV,TE,d62515b7-92c9-48d2-a17c-d25afa00d06a,1b2b5ae3-9bd6-4fe7-87c1-b23f09c7dd5f,,12,,The Puppy,b42dca9a-7a0c-4c32-963d-a0ddfe179e0a,5.0,1000000.0,225000,,,,,,,,,,
2026-05-03 19:22:23 UTC,87,77e88416-ec46-49cf-9997-ee83acddb499,Harold,Fannin,CLE,TE,93578258-83c7-468f-8927-bf61b153d9a7,a0c6aea8-4750-4438-b561-9d5df2c0a1c0,,12,,The Puppy,b42dca9a-7a0c-4c32-963d-a0ddfe179e0a,5.0,1000000.0,225000,,,,,,,,,,
2026-07-02 00:22:45 UTC,194,9ff86d7b-4419-4124-b7f7-45e95948cd07,Malik,Washington,MIA,WR,7c04b4d7-0b19-4507-8e9f-913f0bc64b6d,573a5e56-73ca-4979-a46a-28d1fb2a8869,,12,,Best Ball Mania VII,deb0e69e-d357-4f7e-affa-2d5b8a726da8,25.0,15000000.0,672336,,,,,,,,,,
2026-04-28 01:54:48 UTC,113,2a053c32-61bf-40b3-95b7-3ab291a52d72,Baker,Mayfield,TB,QB,9c64b40e-bbeb-4351-a440-aab775bdd166,e1bd5b1d-1339-4425-962f-37bc39dc3ebf,,12,,The Puppy,b42dca9a-7a0c-4c32-963d-a0ddfe179e0a,5.0,1000000.0,225000,,,,,,,,,,
2026-06-07 02:09:18 UTC,27,2955db5c-a718-4e9b-a9bf-c9c51a1a4c11,Trey,McBride,ARI,TE,c86fdc40-9150-425e-8b6d-3fa9413a3d63,58ba5202-112d-4b45-9e12-c64d3018c462,,12,,The Puppy 2,e9f88543-f815-4db2-a076-1271fb35160c,5.0,1000000.0,225000,,,,,,,,,,
2026-06-15 00:31:13 UTC,52,54ddd66e-ce84-4ff8-979d-6cc9e1ff78ff,TreVeyon,Henderson,NE,RB,18452539-317f-4b75-b676-c9802ab905a6,46b95838-1f8d-428f-a1f0-e37de53036b7,,12,,The Pointer,263f68e0-a243-46a0-95f3-da997f476b2f,11.0,200000.0,20304,,,,,,,,,,
2026-07-01 23:31:30 UTC,148,f8a8ab57-e237-4732-830d-7e0d5edd2620,Brenton,Strange,JAX,TE,157c0aa8-6803-4802-b214-b18a55085899,1ba62fc7-d34e-4c81-8987-feef98922bb2,,12,,Best Ball Mania VII,deb0e69e-d357-4f7e-affa-2d5b8a726da8,25.0,15000000.0,672336,,,,,,,,,,
2026-05-18 17:05:52 UTC,3,e05bf051-69f3-4483-8ce3-20b365a19cac,Ja'Marr,Chase,CIN,WR,a9506484-351b-44dd-91cf-c8f8e9ecda9d,155fb692-2a8a-4c9d-84b5-21f4eab042e7,,12,,The Frenchie 3,f862a116-a69f-4db7-aeaf-29155b579be7,10.0,50000.0,5616,,,,,,,,,,
2026-06-30 20:39:20 UTC,94,f2a26eb3-26f1-4b6a-ae58-42c5ea9341e8,J.K.,Dobbins,DEN,RB,fd0eb170-a9b3-46b3-9dc0-cdf7ca546f12,47c9f223-0f07-4f52-bb15-337d1c09cd61,,12,,The Little Dalmatian,9be71122-4880-4cb8-afa7-f508779bd554,1.0,100000.0,112800,,,,,,,,,,
2026-04-27 22:08:19 UTC,148,a59c3f47-ac4f-4bbc-8ea0-4b0afe04b9dc,Kenyon,Sadiq,NYJ,TE,e8d64591-3f6d-4d66-bb7d-792292fc03e2,3a5a34c4-4d64-4e39-8ea0-5373b998851b,,12,,The Puppy,b42dca9a-7a0c-4c32-963d-a0ddfe179e0a,5.0,1000000.0,225000,,,,,,,,,,
2026-05-24 21:45:12 UTC,177,9fd3effd-2d57-43d1-9da9-118e0aa3689b,Dalton,Schultz,HOU,TE,ec7f936c-3415-459d-88b6-29a4b4d7ecc8,4e00a9b7-5c72-4a4d-ba72-139da9a8e46c,,12,,The Pit Bull,f6f05181-3ff0-49e8-888e-b1cb18eb63a1,20.0,500000.0,28080,,,,,,,,,,
2026-06-30 16:23:35 UTC,100,4d1e8598-7702-473b-aa6d-d9700db305ce,Ricky,Pearsall,SF,WR,99e0a524-535d-4697-a0ec-96f672de3dab,04c3c42f-a536-438c-811d-9a168f4304dd,,12,,The Little Dalmatian,9be71122-4880-4cb8-afa7-f508779bd554,1.0,100000.0,112800,,,,,,,,,,
2026-05-30 19:10:39 UTC,191,52947412-4003-4b6b-9660-5a2aa4ca1bd7,Calvin,Ridley,TEN,WR,ba81aa92-671b-4c44-bdb4-e62f3cd70227,66b74861-8269-43d6-a4ba-37da26d1fa55,,12,,The Frenchie 4,29e5e908-c1d9-44d9-87e7-7873093259d4,30.0,50000.0,1872,,,,,,,,,,
2026-04-27 21:48:50 UTC,28,d7fc5a7b-bbb5-4b53-a9d4-58780f9d3ba1,A.J.,Brown,NE,WR,e8d64591-3f6d-4d66-bb7d-792292fc03e2,3a5a34c4-4d64-4e39-8ea0-5373b998851b,,12,,The Puppy,b42dca9a-7a0c-4c32-963d-a0ddfe179e0a,5.0,1000000.0,225000,,,,,,,,,,
2026-06-11 12:56:55 UTC,172,2b915546-701a-43ba-83b8-14b637feaff5,Tank,Dell,HOU,WR,d62515b7-92c9-48d2-a17c-d25afa00d06a,1b2b5ae3-9bd6-4fe7-87c1-b23f09c7dd5f,,12,,The Puppy,b42dca9a-7a0c-4c32-963d-a0ddfe179e0a,5.0,1000000.0,225000,,,,,,,,,,
2026-05-03 19:10:07 UTC,15,674152bc-219e-4a7e-88e1-0b7bab267127,Saquon,Barkley,PHI,RB,93578258-83c7-468f-8927-bf61b153d9a7,a0c6aea8-4750-4438-b561-9d5df2c0a1c0,,12,,The Puppy,b42dca9a-7a0c-4c32-963d-a0ddfe179e0a,5.0,1000000.0,225000,,,,,,,,,,
2026-06-01 19:47:36 UTC,70,96b8e2a1-4f67-4f4f-807f-861566d4461c,Jalen,Hurts,PHI,QB,11652228-7947-40ec-b183-cd5cfd3e3eff,74b6cfcc-b259-47a5-b8ab-ca350ccb35d9,,12,,The Hound Dog,9f0acdc2-c088-4acb-beab-2c5399bf6d6a,6.0,100000.0,18600,,,,,,,,,,
2026-07-01 21:17:06 UTC,190,4f3c5505-9940-4dfc-bc57-603892bccb40,Germie,Bernard,PIT,WR,adceec9f-5f0a-4eb4-8204-d8745c3c8374,f7a23d8d-6aaf-4902-8fed-d7b6e3fcaf8a,,12,,Best Ball Mania VII,deb0e69e-d357-4f7e-affa-2d5b8a726da8,25.0,15000000.0,672336,,,,,,,,,,
2026-06-01 19:55:25 UTC,118,eb7d78fd-a58f-49f4-a5c6-6e75cf6903c0,Aaron,Jones,MIN,RB,11652228-7947-40ec-b183-cd5cfd3e3eff,74b6cfcc-b259-47a5-b8ab-ca350ccb35d9,,12,,The Hound Dog,9f0acdc2-c088-4acb-beab-2c5399bf6d6a,6.0,100000.0,18600,,,,,,,,,,
2026-06-16 01:46:03 UTC,208,ef187a90-1a0c-46af-9775-ebaa0fbbc6d1,Pat,Freiermuth,PIT,TE,e84e4778-2727-470c-b770-a62814de28f9,81bb0394-19b2-43be-83fa-fafb44b09808,,12,,The Pointer,263f68e0-a243-46a0-95f3-da997f476b2f,11.0,200000.0,20304,,,,,,,,,,
2026-05-07 00:07:35 UTC,4,cedb5dc7-eb8d-4928-bf85-aea13ee90967,Puka,Nacua,LAR,WR,b22a71c9-dafa-420d-bc8f-9307f6f5704d,a23b9a93-c543-453f-8918-6d02c64df95c,,12,,The Mini Golden,49d2b4fe-fb5c-42a4-bc6a-e9b18547535a,2.0,20000.0,11280,,,,,,,,,,
2026-05-24 21:18:51 UTC,9,21ec9ffa-959e-4e5e-8d64-88776b1b4150,CeeDee,Lamb,DAL,WR,ec7f936c-3415-459d-88b6-29a4b4d7ecc8,4e00a9b7-5c72-4a4d-ba72-139da9a8e46c,,12,,The Pit Bull,f6f05181-3ff0-49e8-888e-b1cb18eb63a1,20.0,500000.0,28080,,,,,,,,,,
2026-05-07 00:33:30 UTC,172,7d7766b7-6c5c-4a3f-9d89-adda8940df3d,Deebo,Samuel,,WR,b22a71c9-dafa-420d-bc8f-9307f6f5704d,a23b9a93-c543-453f-8918-6d02c64df95c,,12,,The Mini Golden,49d2b4fe-fb5c-42a4-bc6a-e9b18547535a,2.0,20000.0,11280,,,,,,,,,,
2026-06-28 03:04:00 UTC,80,8a17ba41-08bf-455e-852c-e5f9776021af,Patrick,Mahomes,KC,QB,3f662d0c-53c7-4824-af8a-337f6aa31cdb,94203baa-4cc4-4381-a4ec-d3dcbd449244,,12,,The Poodle,74fc3940-bde1-4dbc-aeb1-36e3fc49c70d,7.0,350000.0,55800,,,,,,,,,,
2026-07-02 00:03:02 UTC,95,be568056-c66d-40fb-8c19-3185c357ced5,Matthew,Stafford,LAR,QB,7c04b4d7-0b19-4507-8e9f-913f0bc64b6d,573a5e56-73ca-4979-a46a-28d1fb2a8869,,12,,Best Ball Mania VII,deb0e69e-d357-4f7e-affa-2d5b8a726da8,25.0,15000000.0,672336,,,,,,,,,,
2026-05-18 17:30:13 UTC,147,86e4ae73-0fb9-4cbe-a457-71f3f7ea2a22,Travis,Hunter,JAX,WR,a9506484-351b-44dd-91cf-c8f8e9ecda9d,155fb692-2a8a-4c9d-84b5-21f4eab042e7,,12,,The Frenchie 3,f862a116-a69f-4db7-aeaf-29155b579be7,10.0,50000.0,5616,,,,,,,,,,
2026-07-01 21:21:19 UTC,214,a2a2da64-8443-4c7d-a1ce-835f30eca698,Elijah,Sarratt,BAL,WR,adceec9f-5f0a-4eb4-8204-d8745c3c8374,f7a23d8d-6aaf-4902-8fed-d7b6e3fcaf8a,,12,,Best Ball Mania VII,deb0e69e-d357-4f7e-affa-2d5b8a726da8,25.0,15000000.0,672336,,,,,,,,,,
2026-06-14 21:20:58 UTC,78,e46168ce-4da2-4a27-8ccd-8a986b4f5e3a,DK,Metcalf,PIT,WR,cc96bec4-e99d-45c3-bc46-63b89879cc0c,6844d736-d85b-41bf-9d57-b826e34fe2e7,,12,,The Pointer,263f68e0-a243-46a0-95f3-da997f476b2f,11.0,200000.0,20304,,,,,,,,,,
2026-06-30 21:24:50 UTC,103,0ceab1e0-16a3-42ce-9607-b5bdaf4697b2,Jakobi,Meyers,JAX,WR,aa9014c1-bc8e-48b8-bc90-f528f4f2813f,c3114e6d-dc2c-4910-be08-0943e5f89ccd,,12,,The Little Dalmatian,9be71122-4880-4cb8-afa7-f508779bd554,1.0,100000.0,112800,,,,,,,,,,
2026-06-07 16:42:40 UTC,110,28528dbe-2b54-4e90-8daf-b40ff16f4fcb,Romeo,Doubs,NE,WR,07a61fec-0cd9-4f61-bd79-e7cecd910090,e471f89f-1103-4c38-8bd7-592c002e727c,,12,,The Frenchie 5,97e0d089-6357-4fe3-9875-49e1d99ca74a,2.0,50000.0,28200,,,,,,,,,,
2026-06-07 16:25:29 UTC,11,3ccbc4c7-afff-4477-93c6-10c823f53098,Justin,Jefferson,MIN,WR,07a61fec-0cd9-4f61-bd79-e7cecd910090,e471f89f-1103-4c38-8bd7-592c002e727c,,12,,The Frenchie 5,97e0d089-6357-4fe3-9875-49e1d99ca74a,2.0,50000.0,28200,,,,,,,,,,
2026-05-18 17:36:56 UTC,190,268e4c6c-716d-467c-856a-1297e1c743cf,Cade,Otton,TB,TE,a9506484-351b-44dd-91cf-c8f8e9ecda9d,155fb692-2a8a-4c9d-84b5-21f4eab042e7,,12,,The Frenchie 3,f862a116-a69f-4db7-aeaf-29155b579be7,10.0,50000.0,5616,,,,,,,,,,
2026-06-30 20:47:07 UTC,166,db9d8880-ccab-480e-8fa3-d0e1c1fe0297,Aaron,Rodgers,PIT,QB,fd0eb170-a9b3-46b3-9dc0-cdf7ca546f12,47c9f223-0f07-4f52-bb15-337d1c09cd61,,12,,The Little Dalmatian,9be71122-4880-4cb8-afa7-f508779bd554,1.0,100000.0,112800,,,,,,,,,,
2026-06-14 15:48:17 UTC,208,076cc44c-a1fc-4a68-9985-1ddd4875623a,Charlie,Kolar,LAC,TE,bb3d8ce0-a6dd-4b4c-a4e6-8ea1144bec7f,9a9db9d5-48f5-464f-b1f7-a11c4d42469c,,12,,The Pointer,263f68e0-a243-46a0-95f3-da997f476b2f,11.0,200000.0,20304,,,,,,,,,,
2026-05-03 19:30:31 UTC,135,233c11ab-0b40-42d2-9e1c-57b9df68969d,Sam,Darnold,SEA,QB,93578258-83c7-468f-8927-bf61b153d9a7,a0c6aea8-4750-4438-b561-9d5df2c0a1c0,,12,,The Puppy,b42dca9a-7a0c-4c32-963d-a0ddfe179e0a,5.0,1000000.0,225000,,,,,,,,,,
2026-06-30 20:33:40 UTC,51,719db736-34b5-4990-ae8a-86d851f9eb37,Quinshon,Judkins,CLE,RB,fd0eb170-a9b3-46b3-9dc0-cdf7ca546f12,47c9f223-0f07-4f52-bb15-337d1c09cd61,,12,,The Little Dalmatian,9be71122-4880-4cb8-afa7-f508779bd554,1.0,100000.0,112800,,,,,,,,,,
2026-06-27 16:40:06 UTC,189,77b3cf07-cf9b-4068-832f-4f787e7e7259,De'Zhaun,Stribling,SF,WR,0127974d-50ed-49b5-926f-053b77094d4b,ea7c3697-aac3-4ac7-9928-cb003003c914,,12,,The Poodle,74fc3940-bde1-4dbc-aeb1-36e3fc49c70d,7.0,350000.0,55800,,,,,,,,,,
2026-06-15 18:45:58 UTC,118,b1f2f8ae-4b05-4a35-b9fb-6f5a6853e2eb,Rachaad,White,WAS,RB,c86fdc40-9150-425e-8b6d-3fa9413a3d63,58ba5202-112d-4b45-9e12-c64d3018c462,,12,,The Puppy 2,e9f88543-f815-4db2-a076-1271fb35160c,5.0,1000000.0,225000,,,,,,,,,,
2026-06-26 22:18:55 UTC,92,8a17ba41-08bf-455e-852c-e5f9776021af,Patrick,Mahomes,KC,QB,e4521940-bfbc-4096-b0ee-f6e05d2b348f,3219288e-9a5c-4032-865d-90e021bdc5e0,,12,,The Poodle,74fc3940-bde1-4dbc-aeb1-36e3fc49c70d,7.0,350000.0,55800,,,,,,,,,,
2026-06-14 21:43:02 UTC,198,db9d8880-ccab-480e-8fa3-d0e1c1fe0297,Aaron,Rodgers,PIT,QB,cc96bec4-e99d-45c3-bc46-63b89879cc0c,6844d736-d85b-41bf-9d57-b826e34fe2e7,,12,,The Pointer,263f68e0-a243-46a0-95f3-da997f476b2f,11.0,200000.0,20304,,,,,,,,,,
2026-06-30 21:34:34 UTC,215,d8e5727e-53e4-4983-80a8-d9348f58c050,MarShawn,Lloyd,GB,RB,a2685405-d4d0-4a4f-ba7a-82a3af77d83b,3c44495f-eda8-4def-9afd-03357d5d4972,,12,,The Little Dalmatian,9be71122-4880-4cb8-afa7-f508779bd554,1.0,100000.0,112800,,,,,,,,,,
2026-06-30 21:29:43 UTC,127,a84c94e2-eaef-4db4-b83d-08c6c6156581,Khalil,Shakir,BUF,WR,aa9014c1-bc8e-48b8-bc90-f528f4f2813f,c3114e6d-dc2c-4910-be08-0943e5f89ccd,,12,,The Little Dalmatian,9be71122-4880-4cb8-afa7-f508779bd554,1.0,100000.0,112800,,,,,,,,,,
2026-07-01 20:11:21 UTC,33,15a3bde4-5f94-46b8-9b44-928336c230fd,Breece,Hall,NYJ,RB,c24b3ba9-8cc2-464c-9e9d-b41415df5fde,12a32a52-1277-49f1-9dc6-46016e4d9ce4,,12,,Best Ball Mania VII,deb0e69e-d357-4f7e-affa-2d5b8a726da8,25.0,15000000.0,672336,,,,,,,,,,
2026-05-07 00:15:07 UTC,52,719db736-34b5-4990-ae8a-86d851f9eb37,Quinshon,Judkins,CLE,RB,b22a71c9-dafa-420d-bc8f-9307f6f5704d,a23b9a93-c543-453f-8918-6d02c64df95c,,12,,The Mini Golden,49d2b4fe-fb5c-42a4-bc6a-e9b18547535a,2.0,20000.0,11280,,,,,,,,,,
2026-06-13 22:22:39 UTC,189,52947412-4003-4b6b-9660-5a2aa4ca1bd7,Calvin,Ridley,TEN,WR,d62515b7-92c9-48d2-a17c-d25afa00d06a,1b2b5ae3-9bd6-4fe7-87c1-b23f09c7dd5f,,12,,The Puppy,b42dca9a-7a0c-4c32-963d-a0ddfe179e0a,5.0,1000000.0,225000,,,,,,,,,,
2026-07-01 23:18:20 UTC,76,41bac526-b103-4a40-9142-dcef21e5da72,Jaylen,Warren,PIT,RB,157c0aa8-6803-4802-b214-b18a55085899,1ba62fc7-d34e-4c81-8987-feef98922bb2,,12,,Best Ball Mania VII,deb0e69e-d357-4f7e-affa-2d5b8a726da8,25.0,15000000.0,672336,,,,,,,,,,
2026-06-15 00:53:23 UTC,172,da4bbb87-fe7f-4d65-9cbe-c3085d2cbfc1,Dylan,Sampson,CLE,RB,18452539-317f-4b75-b676-c9802ab905a6,46b95838-1f8d-428f-a1f0-e37de53036b7,,12,,The Pointer,263f68e0-a243-46a0-95f3-da997f476b2f,11.0,200000.0,20304,,,,,,,,,,
2026-06-13 18:01:24 UTC,137,9f843748-952c-4e26-b336-d35a73a18c2e,Chig,Okonkwo,WAS,TE,c8e9011c-e455-444e-ac54-5ea37d5e5ba0,d16119ee-7d13-4d22-95ae-16c787190abf,,12,,The Frenchie 6,fb385198-3437-4c2e-aa39-efca53e73c60,8.0,50000.0,7020,,,,,,,,,,
2026-07-05 01:07:02 UTC,82,ef35a5ca-57be-43d7-a55b-d4d568091425,Jayden,Reed,GB,WR,82e46a8e-10dd-4fbf-9050-6575e10ab2fa,d87d5697-e8bf-4893-821b-c60562656d17,,12,,The Chihuahua,9482f23f-3368-461d-83bd-7c706ffba069,4.0,250000.0,70308,,,,,,,,,,
2026-05-24 21:27:24 UTC,57,c7bcbb9b-7598-4810-982a-bfd189daf987,Jadarian,Price,SEA,RB,ec7f936c-3415-459d-88b6-29a4b4d7ecc8,4e00a9b7-5c72-4a4d-ba72-139da9a8e46c,,12,,The Pit Bull,f6f05181-3ff0-49e8-888e-b1cb18eb63a1,20.0,500000.0,28080,,,,,,,,,,
2026-05-07 00:29:06 UTC,141,f9b4b51b-3d0e-47b6-bbc4-d73ed3340f82,Daniel,Jones,IND,QB,b22a71c9-dafa-420d-bc8f-9307f6f5704d,a23b9a93-c543-453f-8918-6d02c64df95c,,12,,The Mini Golden,49d2b4fe-fb5c-42a4-bc6a-e9b18547535a,2.0,20000.0,11280,,,,,,,,,,
2026-06-30 16:32:47 UTC,213,13b2a45b-e31a-4bfd-b88d-a23adef97432,Jaylin,Noel,HOU,WR,99e0a524-535d-4697-a0ec-96f672de3dab,04c3c42f-a536-438c-811d-9a168f4304dd,,12,,The Little Dalmatian,9be71122-4880-4cb8-afa7-f508779bd554,1.0,100000.0,112800,,,,,,,,,,
2026-04-27 20:42:53 UTC,1,5daf3960-25f3-402a-800a-41f8ae4c38b5,Jahmyr,Gibbs,DET,RB,5b5fddd4-161a-4958-b2ff-9f9570d277ed,4ea19481-bcf6-4061-8709-1011a29e59d3,,12,,Best Ball Mania VII,deb0e69e-d357-4f7e-affa-2d5b8a726da8,25.0,15000000.0,672336,,,,,,,,,,
2026-07-04 03:08:09 UTC,128,db550ba6-f791-445d-a02c-65d4b8967c52,Mark,Andrews,BAL,TE,41783140-10e9-431a-bd99-1d44fe5f3576,3eb75318-562b-43f3-8562-aff216ae2724,,12,,Best Ball Mania VII,deb0e69e-d357-4f7e-affa-2d5b8a726da8,25.0,15000000.0,672336,,,,,,,,,,
2026-06-25 01:14:13 UTC,26,02c7a4a9-1a8c-43b9-9b1c-d3eba62cfa47,George,Pickens,DAL,WR,175cb4d1-f4c4-4642-a486-4095470db90c,97593f40-b53a-413a-b69f-0bb12e20df3e,,12,,The Poodle,74fc3940-bde1-4dbc-aeb1-36e3fc49c70d,7.0,350000.0,55800,,,,,,,,,,
2026-05-03 19:09:15 UTC,10,21ec9ffa-959e-4e5e-8d64-88776b1b4150,CeeDee,Lamb,DAL,WR,93578258-83c7-468f-8927-bf61b153d9a7,a0c6aea8-4750-4438-b561-9d5df2c0a1c0,,12,,The Puppy,b42dca9a-7a0c-4c32-963d-a0ddfe179e0a,5.0,1000000.0,225000,,,,,,,,,,
2026-07-04 03:00:51 UTC,80,9b7b55a2-3b03-4e52-8928-eb34d7c82baa,Dak,Prescott,DAL,QB,41783140-10e9-431a-bd99-1d44fe5f3576,3eb75318-562b-43f3-8562-aff216ae2724,,12,,Best Ball Mania VII,deb0e69e-d357-4f7e-affa-2d5b8a726da8,25.0,15000000.0,672336,,,,,,,,,,
2026-06-28 02:20:09 UTC,143,3f365df5-b74c-451c-a67d-e3ad460752aa,Woody,Marks,HOU,RB,02211811-63df-41db-9181-34910d1fa7c1,ad19b693-0616-48d3-a661-eec35e697823,,12,,The Poodle,74fc3940-bde1-4dbc-aeb1-36e3fc49c70d,7.0,350000.0,55800,,,,,,,,,,
2026-06-14 21:46:01 UTC,211,bade36dc-92a4-4fa5-8238-c737fbceaeb4,Greg,Dulcich,MIA,TE,cc96bec4-e99d-45c3-bc46-63b89879cc0c,6844d736-d85b-41bf-9d57-b826e34fe2e7,,12,,The Pointer,263f68e0-a243-46a0-95f3-da997f476b2f,11.0,200000.0,20304,,,,,,,,,,
2026-05-05 01:55:23 UTC,108,e97d1607-52ac-43a6-80f0-a630cab1e74b,Josh,Downs,IND,WR,c6677334-70a3-4b26-93e8-2bfab3fa84c7,5f2705a4-4a76-4ffe-a8e9-bd0b0b067b35,,12,,The Dachshund,1f35c88b-e5c4-4b8c-b42a-db74f55d7a18,8.0,200000.0,28080,,,,,,,,,,
2026-05-07 01:30:02 UTC,50,fdd6ca8b-286d-4eb3-86e0-d2f970f6fa9c,Jaylen,Waddle,DEN,WR,a114c157-0ef3-4303-a935-68360245eebd,e256afba-3e41-49ba-8206-af971735492f,,12,,The Mini Golden,49d2b4fe-fb5c-42a4-bc6a-e9b18547535a,2.0,20000.0,11280,,,,,,,,,,
2026-06-27 18:52:02 UTC,17,6ed8fa4f-065c-4166-bd39-81555e655948,Chase,Brown,CIN,RB,e729fd0a-84da-4388-9a97-f005c119292c,62779072-7688-4f57-82f0-ac631dab5f4d,,12,,The Poodle,74fc3940-bde1-4dbc-aeb1-36e3fc49c70d,7.0,350000.0,55800,,,,,,,,,,
2026-07-02 00:17:03 UTC,167,9abe9b0f-ac15-496a-9fe6-8e2936d122c1,Tyler,Allgeier,ARI,RB,7c04b4d7-0b19-4507-8e9f-913f0bc64b6d,573a5e56-73ca-4979-a46a-28d1fb2a8869,,12,,Best Ball Mania VII,deb0e69e-d357-4f7e-affa-2d5b8a726da8,25.0,15000000.0,672336,,,,,,,,,,
2026-07-01 23:17:33 UTC,69,c7bcbb9b-7598-4810-982a-bfd189daf987,Jadarian,Price,SEA,RB,157c0aa8-6803-4802-b214-b18a55085899,1ba62fc7-d34e-4c81-8987-feef98922bb2,,12,,Best Ball Mania VII,deb0e69e-d357-4f7e-affa-2d5b8a726da8,25.0,15000000.0,672336,,,,,,,,,,
2026-06-13 19:36:02 UTC,2,25cbfc55-cb8a-4589-85de-e91870f65952,Bijan,Robinson,ATL,RB,beeb1ab6-ef30-43a7-8d66-3bd7ad90167b,9db2dfa3-a3a0-488f-b7fd-d54e71621df8,,12,,The Frenchie 6,fb385198-3437-4c2e-aa39-efca53e73c60,8.0,50000.0,7020,,,,,,,,,,
2026-06-13 17:57:24 UTC,113,9b619115-cbc1-481f-869a-afb01b859710,Jaxson,Dart,NYG,QB,c8e9011c-e455-444e-ac54-5ea37d5e5ba0,d16119ee-7d13-4d22-95ae-16c787190abf,,12,,The Frenchie 6,fb385198-3437-4c2e-aa39-efca53e73c60,8.0,50000.0,7020,,,,,,,,,,
2026-06-30 21:13:35 UTC,71,96b8e2a1-4f67-4f4f-807f-861566d4461c,Jalen,Hurts,PHI,QB,a2685405-d4d0-4a4f-ba7a-82a3af77d83b,3c44495f-eda8-4def-9afd-03357d5d4972,,12,,The Little Dalmatian,9be71122-4880-4cb8-afa7-f508779bd554,1.0,100000.0,112800,,,,,,,,,,
2026-06-25 01:17:13 UTC,47,c06c8642-d1d0-4df1-8254-ee4e0ea70c5f,Terry,McLaurin,WAS,WR,175cb4d1-f4c4-4642-a486-4095470db90c,97593f40-b53a-413a-b69f-0bb12e20df3e,,12,,The Poodle,74fc3940-bde1-4dbc-aeb1-36e3fc49c70d,7.0,350000.0,55800,,,,,,,,,,
2026-06-13 20:05:16 UTC,191,52947412-4003-4b6b-9660-5a2aa4ca1bd7,Calvin,Ridley,TEN,WR,beeb1ab6-ef30-43a7-8d66-3bd7ad90167b,9db2dfa3-a3a0-488f-b7fd-d54e71621df8,,12,,The Frenchie 6,fb385198-3437-4c2e-aa39-efca53e73c60,8.0,50000.0,7020,,,,,,,,,,
2026-06-01 19:56:00 UTC,123,9077a1e5-ae83-43f2-ad88-8e44df2d6f4d,Jake,Ferguson,DAL,TE,11652228-7947-40ec-b183-cd5cfd3e3eff,74b6cfcc-b259-47a5-b8ab-ca350ccb35d9,,12,,The Hound Dog,9f0acdc2-c088-4acb-beab-2c5399bf6d6a,6.0,100000.0,18600,,,,,,,,,,
2026-06-28 02:55:59 UTC,32,e75fdadf-f9d2-44d5-8f0b-2308f7b00ab0,Zay,Flowers,BAL,WR,3f662d0c-53c7-4824-af8a-337f6aa31cdb,94203baa-4cc4-4381-a4ec-d3dcbd449244,,12,,The Poodle,74fc3940-bde1-4dbc-aeb1-36e3fc49c70d,7.0,350000.0,55800,,,,,,,,,,
2026-05-30 16:16:51 UTC,7,c34627c5-0225-45a3-b729-c49827bf5a8e,Jonathan,Taylor,IND,RB,4a756ff0-2931-40b3-857d-bcda46c63eaf,42bf770f-244e-4fac-9988-b29cf78ebdd1,,12,,The Pomeranian,dc6e77f6-581c-45a7-9bcf-0932e628037e,3.0,300000.0,112800,,,,,,,,,,
2026-07-05 00:58:00 UTC,34,03e908d2-14b1-49ed-a6e6-56e41a5e9988,Kyren,Williams,LAR,RB,82e46a8e-10dd-4fbf-9050-6575e10ab2fa,d87d5697-e8bf-4893-821b-c60562656d17,,12,,The Chihuahua,9482f23f-3368-461d-83bd-7c706ffba069,4.0,250000.0,70308,,,,,,,,,,
2026-04-30 00:45:21 UTC,119,9077a1e5-ae83-43f2-ad88-8e44df2d6f4d,Jake,Ferguson,DAL,TE,cc7dd979-a980-4510-9e69-8c31e7fbd3fc,1eb32a63-95bc-45ab-b4e3-62a51b6d46dd,,12,,The Puppy,b42dca9a-7a0c-4c32-963d-a0ddfe179e0a,5.0,1000000.0,225000,,,,,,,,,,
2026-06-25 01:32:55 UTC,146,9b6b5dd5-bcdf-4155-aa42-9b6c948e851e,Omar,Cooper,NYJ,WR,175cb4d1-f4c4-4642-a486-4095470db90c,97593f40-b53a-413a-b69f-0bb12e20df3e,,12,,The Poodle,74fc3940-bde1-4dbc-aeb1-36e3fc49c70d,7.0,350000.0,55800,,,,,,,,,,
2026-06-30 21:13:47 UTC,18,6ed8fa4f-065c-4166-bd39-81555e655948,Chase,Brown,CIN,RB,aa9014c1-bc8e-48b8-bc90-f528f4f2813f,c3114e6d-dc2c-4910-be08-0943e5f89ccd,,12,,The Little Dalmatian,9be71122-4880-4cb8-afa7-f508779bd554,1.0,100000.0,112800,,,,,,,,,,
2026-06-14 15:47:06 UTC,201,97ac300b-1153-4a8d-ac58-47f85d74cd51,Pat,Bryant,DEN,WR,bb3d8ce0-a6dd-4b4c-a4e6-8ea1144bec7f,9a9db9d5-48f5-464f-b1f7-a11c4d42469c,,12,,The Pointer,263f68e0-a243-46a0-95f3-da997f476b2f,11.0,200000.0,20304,,,,,,,,,,
2026-06-14 21:30:56 UTC,126,3eabec6e-44d1-4e00-b975-7981b019494e,Matthew,Golden,GB,WR,cc96bec4-e99d-45c3-bc46-63b89879cc0c,6844d736-d85b-41bf-9d57-b826e34fe2e7,,12,,The Pointer,263f68e0-a243-46a0-95f3-da997f476b2f,11.0,200000.0,20304,,,,,,,,,,
2026-05-05 02:06:03 UTC,181,4f3c5505-9940-4dfc-bc57-603892bccb40,Germie,Bernard,PIT,WR,c6677334-70a3-4b26-93e8-2bfab3fa84c7,5f2705a4-4a76-4ffe-a8e9-bd0b0b067b35,,12,,The Dachshund,1f35c88b-e5c4-4b8c-b42a-db74f55d7a18,8.0,200000.0,28080,,,,,,,,,,
2026-06-18 01:10:24 UTC,204,ef187a90-1a0c-46af-9775-ebaa0fbbc6d1,Pat,Freiermuth,PIT,TE,5f3635e6-00c0-4e05-8061-2f120307809c,c67f0a85-75e3-4ed8-90ed-9652d1d31f0f,,12,,The Puppy 2,e9f88543-f815-4db2-a076-1271fb35160c,5.0,1000000.0,225000,,,,,,,,,,
2026-07-02 00:09:08 UTC,122,58a9eb5e-0e5a-43e0-8a84-f29aaab96c0e,Dalton,Kincaid,BUF,TE,7c04b4d7-0b19-4507-8e9f-913f0bc64b6d,573a5e56-73ca-4979-a46a-28d1fb2a8869,,12,,Best Ball Mania VII,deb0e69e-d357-4f7e-affa-2d5b8a726da8,25.0,15000000.0,672336,,,,,,,,,,
2026-05-07 01:52:56 UTC,170,5387ce75-723a-46f8-a393-b0bd2207291c,Tre,Tucker,LV,WR,a114c157-0ef3-4303-a935-68360245eebd,e256afba-3e41-49ba-8206-af971735492f,,12,,The Mini Golden,49d2b4fe-fb5c-42a4-bc6a-e9b18547535a,2.0,20000.0,11280,,,,,,,,,,
2026-06-30 16:23:07 UTC,93,a7519d55-5b58-4b16-a1ca-dce4c21ab284,Kyle,Monangai,CHI,RB,99e0a524-535d-4697-a0ec-96f672de3dab,04c3c42f-a536-438c-811d-9a168f4304dd,,12,,The Little Dalmatian,9be71122-4880-4cb8-afa7-f508779bd554,1.0,100000.0,112800,,,,,,,,,,
2026-05-07 01:52:16 UTC,167,7d34e47d-044c-4a44-90b4-d1ce54549cea,T.J.,Hockenson,MIN,TE,a114c157-0ef3-4303-a935-68360245eebd,e256afba-3e41-49ba-8206-af971735492f,,12,,The Mini Golden,49d2b4fe-fb5c-42a4-bc6a-e9b18547535a,2.0,20000.0,11280,,,,,,,,,,
2026-05-30 18:42:39 UTC,26,d7fc5a7b-bbb5-4b53-a9d4-58780f9d3ba1,A.J.,Brown,NE,WR,ba81aa92-671b-4c44-bdb4-e62f3cd70227,66b74861-8269-43d6-a4ba-37da26d1fa55,,12,,The Frenchie 4,29e5e908-c1d9-44d9-87e7-7873093259d4,30.0,50000.0,1872,,,,,,,,,,
2026-05-19 01:46:53 UTC,118,48fe455e-166b-42f0-8c77-9b6a9d03d251,Wan'Dale,Robinson,TEN,WR,467c48a4-416e-4110-b26c-ed87c22e5507,49229e31-9a86-4620-ad69-c8f88405d26a,,12,,The Frenchie 3,f862a116-a69f-4db7-aeaf-29155b579be7,10.0,50000.0,5616,,,,,,,,,,
2026-06-27 02:23:45 UTC,206,748b1bde-0acf-4e4d-bc1d-a634c3188c20,Ja'Kobi,Lane,BAL,WR,a86c4493-d380-49ad-9e7f-2c97dd59ecc0,001a694a-1bd0-46e8-8234-beef750e259b,,12,,The Frenchie 7,b67b7b55-004c-4cee-9c2d-c223e6eea3f9,20.0,50000.0,2808,,,,,,,,,,
2026-06-13 22:22:54 UTC,94,4aed4cc8-9362-4dd7-a829-1b2d891c445a,Alec,Pierce,IND,WR,c86fdc40-9150-425e-8b6d-3fa9413a3d63,58ba5202-112d-4b45-9e12-c64d3018c462,,12,,The Puppy 2,e9f88543-f815-4db2-a076-1271fb35160c,5.0,1000000.0,225000,,,,,,,,,,
2026-06-12 22:26:53 UTC,110,11fab77a-8096-44ac-a426-6b8c9fddc723,Kyle,Pitts,ATL,TE,fc0705d2-2946-4467-b5bf-e615c597292f,b9906f44-456a-4789-840b-677404101d5e,,12,,The Puppy 2,e9f88543-f815-4db2-a076-1271fb35160c,5.0,1000000.0,225000,,,,,,,,,,
2026-04-27 21:52:03 UTC,45,9853a3b5-067e-4aee-9388-4e21fa09d7d9,Bucky,Irving,TB,RB,e8d64591-3f6d-4d66-bb7d-792292fc03e2,3a5a34c4-4d64-4e39-8ea0-5373b998851b,,12,,The Puppy,b42dca9a-7a0c-4c32-963d-a0ddfe179e0a,5.0,1000000.0,225000,,,,,,,,,,
2026-05-01 20:28:47 UTC,99,1a21a150-0d38-4c37-a228-a81f61b16211,Jared,Goff,DET,QB,c58bea11-09c9-4e5b-9d82-a2cdc152f383,f71057b8-1a09-4540-89d1-8a9011707c98,,12,,The Frenchie,4a7aa4af-c383-450f-b99b-373cfca8983b,15.0,50000.0,3720,,,,,,,,,,
2026-06-25 01:25:21 UTC,98,77e88416-ec46-49cf-9997-ee83acddb499,Harold,Fannin,CLE,TE,175cb4d1-f4c4-4642-a486-4095470db90c,97593f40-b53a-413a-b69f-0bb12e20df3e,,12,,The Poodle,74fc3940-bde1-4dbc-aeb1-36e3fc49c70d,7.0,350000.0,55800,,,,,,,,,,
2026-06-30 21:20:20 UTC,119,0b41b52c-c6f3-43bd-a655-35023705d92e,KC,Concepcion,CLE,WR,a2685405-d4d0-4a4f-ba7a-82a3af77d83b,3c44495f-eda8-4def-9afd-03357d5d4972,,12,,The Little Dalmatian,9be71122-4880-4cb8-afa7-f508779bd554,1.0,100000.0,112800,,,,,,,,,,
2026-04-28 01:41:15 UTC,32,a3a3a72e-899e-4bbb-962d-dd308af3a320,Tetairoa,McMillan,CAR,WR,9c64b40e-bbeb-4351-a440-aab775bdd166,e1bd5b1d-1339-4425-962f-37bc39dc3ebf,,12,,The Puppy,b42dca9a-7a0c-4c32-963d-a0ddfe179e0a,5.0,1000000.0,225000,,,,,,,,,,
2026-06-06 02:19:58 UTC,162,0f66297e-c3ab-4840-9cea-c73def0f5ab4,Cam,Ward,TEN,QB,68edc017-58cd-470d-a1b3-268fcd2f3a54,01732e46-351b-4715-be3c-92f480ce2661,,12,,The Frenchie 5,97e0d089-6357-4fe3-9875-49e1d99ca74a,2.0,50000.0,28200,,,,,,,,,,
2026-06-16 16:33:54 UTC,213,4a2d05c3-cb53-441f-b01f-869caa3d3db1,Michael,Penix,ATL,QB,d62515b7-92c9-48d2-a17c-d25afa00d06a,1b2b5ae3-9bd6-4fe7-87c1-b23f09c7dd5f,,12,,The Puppy,b42dca9a-7a0c-4c32-963d-a0ddfe179e0a,5.0,1000000.0,225000,,,,,,,,,,
2026-06-30 21:17:40 UTC,110,0b41b52c-c6f3-43bd-a655-35023705d92e,KC,Concepcion,CLE,WR,97fa549a-2fd2-4ebe-9071-2c48cb9d9cae,bc7a1cd8-4613-48dd-97ec-1400b5bbb6a2,,12,,The Little Dalmatian,9be71122-4880-4cb8-afa7-f508779bd554,1.0,100000.0,112800,,,,,,,,,,
2026-07-04 22:56:41 UTC,152,4d3349f4-94a4-4d53-bdcb-8d754c37a315,Juwan,Johnson,NO,TE,c1f4fd53-680b-4da0-8624-96a3d6475642,e34f2394-2e6e-429f-941b-961e2e8db3fa,,12,,The Chihuahua,9482f23f-3368-461d-83bd-7c706ffba069,4.0,250000.0,70308,,,,,,,,,,
2026-04-28 01:57:08 UTC,128,eb7d78fd-a58f-49f4-a5c6-6e75cf6903c0,Aaron,Jones,MIN,RB,9c64b40e-bbeb-4351-a440-aab775bdd166,e1bd5b1d-1339-4425-962f-37bc39dc3ebf,,12,,The Puppy,b42dca9a-7a0c-4c32-963d-a0ddfe179e0a,5.0,1000000.0,225000,,,,,,,,,,
2026-04-27 21:53:00 UTC,52,4b14baf1-115c-4fde-b12b-fa3ec53ab612,David,Montgomery,HOU,RB,e8d64591-3f6d-4d66-bb7d-792292fc03e2,3a5a34c4-4d64-4e39-8ea0-5373b998851b,,12,,The Puppy,b42dca9a-7a0c-4c32-963d-a0ddfe179e0a,5.0,1000000.0,225000,,,,,,,,,,
2026-06-27 02:20:06 UTC,179,4f3c5505-9940-4dfc-bc57-603892bccb40,Germie,Bernard,PIT,WR,a86c4493-d380-49ad-9e7f-2c97dd59ecc0,001a694a-1bd0-46e8-8234-beef750e259b,,12,,The Frenchie 7,b67b7b55-004c-4cee-9c2d-c223e6eea3f9,20.0,50000.0,2808,,,,,,,,,,
2026-06-25 01:43:30 UTC,215,87e7baef-4eb4-46ca-aac1-4df33d0f0ce5,Tory,Horton,SEA,WR,175cb4d1-f4c4-4642-a486-4095470db90c,97593f40-b53a-413a-b69f-0bb12e20df3e,,12,,The Poodle,74fc3940-bde1-4dbc-aeb1-36e3fc49c70d,7.0,350000.0,55800,,,,,,,,,,
2026-06-28 01:58:12 UTC,26,91204d39-aa4f-4927-9728-3c80fde04371,Brock,Bowers,LV,TE,02211811-63df-41db-9181-34910d1fa7c1,ad19b693-0616-48d3-a661-eec35e697823,,12,,The Poodle,74fc3940-bde1-4dbc-aeb1-36e3fc49c70d,7.0,350000.0,55800,,,,,,,,,,
2026-05-30 16:28:12 UTC,90,9b619115-cbc1-481f-869a-afb01b859710,Jaxson,Dart,NYG,QB,4a756ff0-2931-40b3-857d-bcda46c63eaf,42bf770f-244e-4fac-9988-b29cf78ebdd1,,12,,The Pomeranian,dc6e77f6-581c-45a7-9bcf-0932e628037e,3.0,300000.0,112800,,,,,,,,,,
2026-06-16 02:32:48 UTC,194,c90c934c-9d10-4836-a138-d8ce1e2198d2,Braelon,Allen,NYJ,RB,8bc1b5b9-1778-4802-9b94-52d59f8f0cb2,101f183f-2a0c-471e-b987-d67e723dbad8,,12,,The Puppy 2,e9f88543-f815-4db2-a076-1271fb35160c,5.0,1000000.0,225000,,,,,,,,,,
2026-07-01 20:38:49 UTC,208,a494d7c8-4c78-4055-9609-5ca71960b260,Darnell,Washington,PIT,TE,c24b3ba9-8cc2-464c-9e9d-b41415df5fde,12a32a52-1277-49f1-9dc6-46016e4d9ce4,,12,,Best Ball Mania VII,deb0e69e-d357-4f7e-affa-2d5b8a726da8,25.0,15000000.0,672336,,,,,,,,,,
2026-07-01 23:21:52 UTC,93,9b7b55a2-3b03-4e52-8928-eb34d7c82baa,Dak,Prescott,DAL,QB,157c0aa8-6803-4802-b214-b18a55085899,1ba62fc7-d34e-4c81-8987-feef98922bb2,,12,,Best Ball Mania VII,deb0e69e-d357-4f7e-affa-2d5b8a726da8,25.0,15000000.0,672336,,,,,,,,,,
2026-06-15 00:35:42 UTC,76,41bac526-b103-4a40-9142-dcef21e5da72,Jaylen,Warren,PIT,RB,18452539-317f-4b75-b676-c9802ab905a6,46b95838-1f8d-428f-a1f0-e37de53036b7,,12,,The Pointer,263f68e0-a243-46a0-95f3-da997f476b2f,11.0,200000.0,20304,,,,,,,,,,
2026-06-18 00:48:57 UTC,60,89d88336-52d9-468c-bbe3-c1167c2e7819,Carnell,Tate,TEN,WR,5f3635e6-00c0-4e05-8061-2f120307809c,c67f0a85-75e3-4ed8-90ed-9652d1d31f0f,,12,,The Puppy 2,e9f88543-f815-4db2-a076-1271fb35160c,5.0,1000000.0,225000,,,,,,,,,,
2026-06-01 20:03:26 UTC,166,7d7766b7-6c5c-4a3f-9d89-adda8940df3d,Deebo,Samuel,,WR,11652228-7947-40ec-b183-cd5cfd3e3eff,74b6cfcc-b259-47a5-b8ab-ca350ccb35d9,,12,,The Hound Dog,9f0acdc2-c088-4acb-beab-2c5399bf6d6a,6.0,100000.0,18600,,,,,,,,,,
2026-06-16 18:20:26 UTC,161,5387ce75-723a-46f8-a393-b0bd2207291c,Tre,Tucker,LV,WR,7cb24e63-0e7c-427f-86a7-ba712aee4de0,12ca49b3-d51c-4599-a3fb-c9c0779b53b5,,12,,The Pointer,263f68e0-a243-46a0-95f3-da997f476b2f,11.0,200000.0,20304,,,,,,,,,,
2026-06-25 01:36:14 UTC,167,9abe9b0f-ac15-496a-9fe6-8e2936d122c1,Tyler,Allgeier,ARI,RB,175cb4d1-f4c4-4642-a486-4095470db90c,97593f40-b53a-413a-b69f-0bb12e20df3e,,12,,The Poodle,74fc3940-bde1-4dbc-aeb1-36e3fc49c70d,7.0,350000.0,55800,,,,,,,,,,
2026-06-15 00:26:05 UTC,21,d7fc5a7b-bbb5-4b53-a9d4-58780f9d3ba1,A.J.,Brown,NE,WR,18452539-317f-4b75-b676-c9802ab905a6,46b95838-1f8d-428f-a1f0-e37de53036b7,,12,,The Pointer,263f68e0-a243-46a0-95f3-da997f476b2f,11.0,200000.0,20304,,,,,,,,,,
2026-06-28 02:01:56 UTC,47,fdd6ca8b-286d-4eb3-86e0-d2f970f6fa9c,Jaylen,Waddle,DEN,WR,02211811-63df-41db-9181-34910d1fa7c1,ad19b693-0616-48d3-a661-eec35e697823,,12,,The Poodle,74fc3940-bde1-4dbc-aeb1-36e3fc49c70d,7.0,350000.0,55800,,,,,,,,,,
2026-07-01 23:48:59 UTC,2,cedb5dc7-eb8d-4928-bf85-aea13ee90967,Puka,Nacua,LAR,WR,7c04b4d7-0b19-4507-8e9f-913f0bc64b6d,573a5e56-73ca-4979-a46a-28d1fb2a8869,,12,,Best Ball Mania VII,deb0e69e-d357-4f7e-affa-2d5b8a726da8,25.0,15000000.0,672336,,,,,,,,,,
2026-06-25 01:32:27 UTC,143,86e4ae73-0fb9-4cbe-a457-71f3f7ea2a22,Travis,Hunter,JAX,WR,175cb4d1-f4c4-4642-a486-4095470db90c,97593f40-b53a-413a-b69f-0bb12e20df3e,,12,,The Poodle,74fc3940-bde1-4dbc-aeb1-36e3fc49c70d,7.0,350000.0,55800,,,,,,,,,,
2026-05-29 20:32:35 UTC,194,8f61d453-4928-4717-a57e-d8f8f21fa211,Alvin,Kamara,NO,RB,51a296f1-cf02-4089-88ef-2ff01a76fc00,81b48250-81c0-4439-b0d4-cb131868bdb0,,12,,The Pomeranian,dc6e77f6-581c-45a7-9bcf-0932e628037e,3.0,300000.0,112800,,,,,,,,,,
2026-06-27 19:13:41 UTC,161,7d7766b7-6c5c-4a3f-9d89-adda8940df3d,Deebo,Samuel,,WR,e729fd0a-84da-4388-9a97-f005c119292c,62779072-7688-4f57-82f0-ac631dab5f4d,,12,,The Poodle,74fc3940-bde1-4dbc-aeb1-36e3fc49c70d,7.0,350000.0,55800,,,,,,,,,,
2026-04-27 21:59:59 UTC,93,897642f1-74d8-4cf7-8a33-7fbcbd48d248,Bo,Nix,DEN,QB,e8d64591-3f6d-4d66-bb7d-792292fc03e2,3a5a34c4-4d64-4e39-8ea0-5373b998851b,,12,,The Puppy,b42dca9a-7a0c-4c32-963d-a0ddfe179e0a,5.0,1000000.0,225000,,,,,,,,,,
2026-06-27 02:17:17 UTC,158,4d3349f4-94a4-4d53-bdcb-8d754c37a315,Juwan,Johnson,NO,TE,a86c4493-d380-49ad-9e7f-2c97dd59ecc0,001a694a-1bd0-46e8-8234-beef750e259b,,12,,The Frenchie 7,b67b7b55-004c-4cee-9c2d-c223e6eea3f9,20.0,50000.0,2808,,,,,,,,,,
2026-06-28 02:59:59 UTC,56,6e351f30-740b-4649-b1c3-28b52f7ee0a4,Bhayshul,Tuten,JAX,RB,3f662d0c-53c7-4824-af8a-337f6aa31cdb,94203baa-4cc4-4381-a4ec-d3dcbd449244,,12,,The Poodle,74fc3940-bde1-4dbc-aeb1-36e3fc49c70d,7.0,350000.0,55800,,,,,,,,,,
2026-05-19 01:39:09 UTC,70,96b8e2a1-4f67-4f4f-807f-861566d4461c,Jalen,Hurts,PHI,QB,467c48a4-416e-4110-b26c-ed87c22e5507,49229e31-9a86-4620-ad69-c8f88405d26a,,12,,The Frenchie 3,f862a116-a69f-4db7-aeaf-29155b579be7,10.0,50000.0,5616,,,,,,,,,,
2026-06-16 16:34:07 UTC,155,5387ce75-723a-46f8-a393-b0bd2207291c,Tre,Tucker,LV,WR,fc0705d2-2946-4467-b5bf-e615c597292f,b9906f44-456a-4789-840b-677404101d5e,,12,,The Puppy 2,e9f88543-f815-4db2-a076-1271fb35160c,5.0,1000000.0,225000,,,,,,,,,,
2026-05-07 00:10:10 UTC,21,6ed8fa4f-065c-4166-bd39-81555e655948,Chase,Brown,CIN,RB,b22a71c9-dafa-420d-bc8f-9307f6f5704d,a23b9a93-c543-453f-8918-6d02c64df95c,,12,,The Mini Golden,49d2b4fe-fb5c-42a4-bc6a-e9b18547535a,2.0,20000.0,11280,,,,,,,,,,
2026-05-03 19:14:22 UTC,39,e75fdadf-f9d2-44d5-8f0b-2308f7b00ab0,Zay,Flowers,BAL,WR,93578258-83c7-468f-8927-bf61b153d9a7,a0c6aea8-4750-4438-b561-9d5df2c0a1c0,,12,,The Puppy,b42dca9a-7a0c-4c32-963d-a0ddfe179e0a,5.0,1000000.0,225000,,,,,,,,,,
2026-06-30 20:53:32 UTC,214,e7ceb8ee-3f04-41d2-ade4-c91891883414,Troy,Franklin,DEN,WR,fd0eb170-a9b3-46b3-9dc0-cdf7ca546f12,47c9f223-0f07-4f52-bb15-337d1c09cd61,,12,,The Little Dalmatian,9be71122-4880-4cb8-afa7-f508779bd554,1.0,100000.0,112800,,,,,,,,,,
2026-06-13 17:46:12 UTC,41,667ca3ed-1519-414d-83e0-30bf2dc21162,Luther,Burden,CHI,WR,c8e9011c-e455-444e-ac54-5ea37d5e5ba0,d16119ee-7d13-4d22-95ae-16c787190abf,,12,,The Frenchie 6,fb385198-3437-4c2e-aa39-efca53e73c60,8.0,50000.0,7020,,,,,,,,,,
2026-05-05 01:59:07 UTC,133,233c11ab-0b40-42d2-9e1c-57b9df68969d,Sam,Darnold,SEA,QB,c6677334-70a3-4b26-93e8-2bfab3fa84c7,5f2705a4-4a76-4ffe-a8e9-bd0b0b067b35,,12,,The Dachshund,1f35c88b-e5c4-4b8c-b42a-db74f55d7a18,8.0,200000.0,28080,,,,,,,,,,
2026-06-27 01:37:22 UTC,165,9abe9b0f-ac15-496a-9fe6-8e2936d122c1,Tyler,Allgeier,ARI,RB,8d9fd882-6280-4862-8289-8c81f97a29fb,86373a61-b505-441e-84a2-fe9879aabb06,,12,,The Poodle,74fc3940-bde1-4dbc-aeb1-36e3fc49c70d,7.0,350000.0,55800,,,,,,,,,,
2026-06-30 16:31:30 UTC,196,c90c934c-9d10-4836-a138-d8ce1e2198d2,Braelon,Allen,NYJ,RB,99e0a524-535d-4697-a0ec-96f672de3dab,04c3c42f-a536-438c-811d-9a168f4304dd,,12,,The Little Dalmatian,9be71122-4880-4cb8-afa7-f508779bd554,1.0,100000.0,112800,,,,,,,,,,
2026-05-29 20:20:51 UTC,119,0b41b52c-c6f3-43bd-a655-35023705d92e,KC,Concepcion,CLE,WR,51a296f1-cf02-4089-88ef-2ff01a76fc00,81b48250-81c0-4439-b0d4-cb131868bdb0,,12,,The Pomeranian,dc6e77f6-581c-45a7-9bcf-0932e628037e,3.0,300000.0,112800,,,,,,,,,,
2026-05-30 18:38:10 UTC,2,25cbfc55-cb8a-4589-85de-e91870f65952,Bijan,Robinson,ATL,RB,ba81aa92-671b-4c44-bdb4-e62f3cd70227,66b74861-8269-43d6-a4ba-37da26d1fa55,,12,,The Frenchie 4,29e5e908-c1d9-44d9-87e7-7873093259d4,30.0,50000.0,1872,,,,,,,,,,
2026-05-30 16:26:44 UTC,79,4aed4cc8-9362-4dd7-a829-1b2d891c445a,Alec,Pierce,IND,WR,4a756ff0-2931-40b3-857d-bcda46c63eaf,42bf770f-244e-4fac-9988-b29cf78ebdd1,,12,,The Pomeranian,dc6e77f6-581c-45a7-9bcf-0932e628037e,3.0,300000.0,112800,,,,,,,,,,
2026-06-15 00:34:20 UTC,69,e1bb7729-b87e-4abc-9743-f469d20839bd,Drake,Maye,NE,QB,18452539-317f-4b75-b676-c9802ab905a6,46b95838-1f8d-428f-a1f0-e37de53036b7,,12,,The Pointer,263f68e0-a243-46a0-95f3-da997f476b2f,11.0,200000.0,20304,,,,,,,,,,
2026-04-27 22:07:04 UTC,141,58a9eb5e-0e5a-43e0-8a84-f29aaab96c0e,Dalton,Kincaid,BUF,TE,e8d64591-3f6d-4d66-bb7d-792292fc03e2,3a5a34c4-4d64-4e39-8ea0-5373b998851b,,12,,The Puppy,b42dca9a-7a0c-4c32-963d-a0ddfe179e0a,5.0,1000000.0,225000,,,,,,,,,,
2026-05-30 18:59:27 UTC,122,48fe455e-166b-42f0-8c77-9b6a9d03d251,Wan'Dale,Robinson,TEN,WR,ba81aa92-671b-4c44-bdb4-e62f3cd70227,66b74861-8269-43d6-a4ba-37da26d1fa55,,12,,The Frenchie 4,29e5e908-c1d9-44d9-87e7-7873093259d4,30.0,50000.0,1872,,,,,,,,,,
2026-05-29 20:17:25 UTC,98,77e88416-ec46-49cf-9997-ee83acddb499,Harold,Fannin,CLE,TE,51a296f1-cf02-4089-88ef-2ff01a76fc00,81b48250-81c0-4439-b0d4-cb131868bdb0,,12,,The Pomeranian,dc6e77f6-581c-45a7-9bcf-0932e628037e,3.0,300000.0,112800,,,,,,,,,,
2026-06-27 16:21:54 UTC,69,d407419c-8b2a-4590-b343-2f813554d6e0,Marvin,Harrison,ARI,WR,0127974d-50ed-49b5-926f-053b77094d4b,ea7c3697-aac3-4ac7-9928-cb003003c914,,12,,The Poodle,74fc3940-bde1-4dbc-aeb1-36e3fc49c70d,7.0,350000.0,55800,,,,,,,,,,
2026-06-30 16:27:05 UTC,141,e08333f4-72da-4d6b-8a4a-7258093eda3c,C.J.,Stroud,HOU,QB,99e0a524-535d-4697-a0ec-96f672de3dab,04c3c42f-a536-438c-811d-9a168f4304dd,,12,,The Little Dalmatian,9be71122-4880-4cb8-afa7-f508779bd554,1.0,100000.0,112800,,,,,,,,,,
2026-06-16 18:25:51 UTC,200,bade36dc-92a4-4fa5-8238-c737fbceaeb4,Greg,Dulcich,MIA,TE,7cb24e63-0e7c-427f-86a7-ba712aee4de0,12ca49b3-d51c-4599-a3fb-c9c0779b53b5,,12,,The Pointer,263f68e0-a243-46a0-95f3-da997f476b2f,11.0,200000.0,20304,,,,,,,,,,
2026-06-30 21:08:13 UTC,35,a3a3a72e-899e-4bbb-962d-dd308af3a320,Tetairoa,McMillan,CAR,WR,97fa549a-2fd2-4ebe-9071-2c48cb9d9cae,bc7a1cd8-4613-48dd-97ec-1400b5bbb6a2,,12,,The Little Dalmatian,9be71122-4880-4cb8-afa7-f508779bd554,1.0,100000.0,112800,,,,,,,,,,
2026-06-16 18:15:33 UTC,128,a8f22078-bf09-44cc-882f-b151b0f5d18d,Tyler,Shough,NO,QB,7cb24e63-0e7c-427f-86a7-ba712aee4de0,12ca49b3-d51c-4599-a3fb-c9c0779b53b5,,12,,The Pointer,263f68e0-a243-46a0-95f3-da997f476b2f,11.0,200000.0,20304,,,,,,,,,,
2026-06-27 19:02:08 UTC,89,8a17ba41-08bf-455e-852c-e5f9776021af,Patrick,Mahomes,KC,QB,e729fd0a-84da-4388-9a97-f005c119292c,62779072-7688-4f57-82f0-ac631dab5f4d,,12,,The Poodle,74fc3940-bde1-4dbc-aeb1-36e3fc49c70d,7.0,350000.0,55800,,,,,,,,,,
2026-06-13 17:53:34 UTC,89,cf099f63-ced6-4321-9a10-2b3ef7692315,Jordan,Addison,MIN,WR,c8e9011c-e455-444e-ac54-5ea37d5e5ba0,d16119ee-7d13-4d22-95ae-16c787190abf,,12,,The Frenchie 6,fb385198-3437-4c2e-aa39-efca53e73c60,8.0,50000.0,7020,,,,,,,,,,
2026-07-01 23:34:48 UTC,165,7d7766b7-6c5c-4a3f-9d89-adda8940df3d,Deebo,Samuel,,WR,157c0aa8-6803-4802-b214-b18a55085899,1ba62fc7-d34e-4c81-8987-feef98922bb2,,12,,Best Ball Mania VII,deb0e69e-d357-4f7e-affa-2d5b8a726da8,25.0,15000000.0,672336,,,,,,,,,,
2026-06-27 19:04:28 UTC,104,0ceab1e0-16a3-42ce-9607-b5bdaf4697b2,Jakobi,Meyers,JAX,WR,e729fd0a-84da-4388-9a97-f005c119292c,62779072-7688-4f57-82f0-ac631dab5f4d,,12,,The Poodle,74fc3940-bde1-4dbc-aeb1-36e3fc49c70d,7.0,350000.0,55800,,,,,,,,,,
2026-05-07 00:30:21 UTC,148,9f843748-952c-4e26-b336-d35a73a18c2e,Chig,Okonkwo,WAS,TE,b22a71c9-dafa-420d-bc8f-9307f6f5704d,a23b9a93-c543-453f-8918-6d02c64df95c,,12,,The Mini Golden,49d2b4fe-fb5c-42a4-bc6a-e9b18547535a,2.0,20000.0,11280,,,,,,,,,,
2026-07-04 23:06:15 UTC,209,6ad094f1-6730-4225-872e-60def37f1efd,Evan,Engram,DEN,TE,c1f4fd53-680b-4da0-8624-96a3d6475642,e34f2394-2e6e-429f-941b-961e2e8db3fa,,12,,The Chihuahua,9482f23f-3368-461d-83bd-7c706ffba069,4.0,250000.0,70308,,,,,,,,,,
2026-06-27 02:09:58 UTC,110,1440721b-3ca6-406c-b87a-88e4ad494da5,Jordan,Love,GB,QB,a86c4493-d380-49ad-9e7f-2c97dd59ecc0,001a694a-1bd0-46e8-8234-beef750e259b,,12,,The Frenchie 7,b67b7b55-004c-4cee-9c2d-c223e6eea3f9,20.0,50000.0,2808,,,,,,,,,,
2026-05-29 20:24:51 UTC,143,9e29ed5f-9125-4b00-8da2-5d01f868aa5f,Dallas,Goedert,PHI,TE,51a296f1-cf02-4089-88ef-2ff01a76fc00,81b48250-81c0-4439-b0d4-cb131868bdb0,,12,,The Pomeranian,dc6e77f6-581c-45a7-9bcf-0932e628037e,3.0,300000.0,112800,,,,,,,,,,
2026-06-26 22:09:05 UTC,29,1f6e0b0d-f18a-41cd-8df6-18d49ef463c1,Rashee,Rice,KC,WR,e4521940-bfbc-4096-b0ee-f6e05d2b348f,3219288e-9a5c-4032-865d-90e021bdc5e0,,12,,The Poodle,74fc3940-bde1-4dbc-aeb1-36e3fc49c70d,7.0,350000.0,55800,,,,,,,,,,
2026-06-27 02:09:33 UTC,107,11fab77a-8096-44ac-a426-6b8c9fddc723,Kyle,Pitts,ATL,TE,a86c4493-d380-49ad-9e7f-2c97dd59ecc0,001a694a-1bd0-46e8-8234-beef750e259b,,12,,The Frenchie 7,b67b7b55-004c-4cee-9c2d-c223e6eea3f9,20.0,50000.0,2808,,,,,,,,,,
2026-05-03 19:21:36 UTC,82,8abc1bed-0838-40ba-8959-45444bf778a5,RJ,Harvey,DEN,RB,93578258-83c7-468f-8927-bf61b153d9a7,a0c6aea8-4750-4438-b561-9d5df2c0a1c0,,12,,The Puppy,b42dca9a-7a0c-4c32-963d-a0ddfe179e0a,5.0,1000000.0,225000,,,,,,,,,,
2026-06-06 02:05:30 UTC,66,11818a85-2fd9-4efd-aba2-bb18fc46a486,Makai,Lemon,PHI,WR,68edc017-58cd-470d-a1b3-268fcd2f3a54,01732e46-351b-4715-be3c-92f480ce2661,,12,,The Frenchie 5,97e0d089-6357-4fe3-9875-49e1d99ca74a,2.0,50000.0,28200,,,,,,,,,,
2026-07-05 01:03:16 UTC,63,7d59fc1e-990c-4002-994f-3c5e32b058ca,Jordyn,Tyson,NO,WR,82e46a8e-10dd-4fbf-9050-6575e10ab2fa,d87d5697-e8bf-4893-821b-c60562656d17,,12,,The Chihuahua,9482f23f-3368-461d-83bd-7c706ffba069,4.0,250000.0,70308,,,,,,,,,,
2026-06-26 22:24:50 UTC,125,9077a1e5-ae83-43f2-ad88-8e44df2d6f4d,Jake,Ferguson,DAL,TE,e4521940-bfbc-4096-b0ee-f6e05d2b348f,3219288e-9a5c-4032-865d-90e021bdc5e0,,12,,The Poodle,74fc3940-bde1-4dbc-aeb1-36e3fc49c70d,7.0,350000.0,55800,,,,,,,,,,
2026-07-04 03:16:12 UTC,185,4f3c5505-9940-4dfc-bc57-603892bccb40,Germie,Bernard,PIT,WR,41783140-10e9-431a-bd99-1d44fe5f3576,3eb75318-562b-43f3-8562-aff216ae2724,,12,,Best Ball Mania VII,deb0e69e-d357-4f7e-affa-2d5b8a726da8,25.0,15000000.0,672336,,,,,,,,,,
2026-04-28 01:52:35 UTC,104,2c318b1c-13a5-4722-a649-8d9c35a8f50e,Kyler,Murray,MIN,QB,9c64b40e-bbeb-4351-a440-aab775bdd166,e1bd5b1d-1339-4425-962f-37bc39dc3ebf,,12,,The Puppy,b42dca9a-7a0c-4c32-963d-a0ddfe179e0a,5.0,1000000.0,225000,,,,,,,,,,
2026-06-27 16:19:40 UTC,52,9853a3b5-067e-4aee-9388-4e21fa09d7d9,Bucky,Irving,TB,RB,0127974d-50ed-49b5-926f-053b77094d4b,ea7c3697-aac3-4ac7-9928-cb003003c914,,12,,The Poodle,74fc3940-bde1-4dbc-aeb1-36e3fc49c70d,7.0,350000.0,55800,,,,,,,,,,
2026-05-30 16:43:03 UTC,199,392cac47-00b2-4189-b006-58ebc14b23bf,Jerry,Jeudy,CLE,WR,4a756ff0-2931-40b3-857d-bcda46c63eaf,42bf770f-244e-4fac-9988-b29cf78ebdd1,,12,,The Pomeranian,dc6e77f6-581c-45a7-9bcf-0932e628037e,3.0,300000.0,112800,,,,,,,,,,
2026-06-30 20:47:58 UTC,171,e351f43e-e09b-4509-be8b-9bfa83d46ad7,Ryan,Flournoy,DAL,WR,fd0eb170-a9b3-46b3-9dc0-cdf7ca546f12,47c9f223-0f07-4f52-bb15-337d1c09cd61,,12,,The Little Dalmatian,9be71122-4880-4cb8-afa7-f508779bd554,1.0,100000.0,112800,,,,,,,,,,
2026-05-30 16:21:02 UTC,42,081d65a4-1d29-40ff-9ca1-dabad6887ff2,Cam,Skattebo,NYG,RB,4a756ff0-2931-40b3-857d-bcda46c63eaf,42bf770f-244e-4fac-9988-b29cf78ebdd1,,12,,The Pomeranian,dc6e77f6-581c-45a7-9bcf-0932e628037e,3.0,300000.0,112800,,,,,,,,,,
2026-07-01 23:27:38 UTC,124,9077a1e5-ae83-43f2-ad88-8e44df2d6f4d,Jake,Ferguson,DAL,TE,157c0aa8-6803-4802-b214-b18a55085899,1ba62fc7-d34e-4c81-8987-feef98922bb2,,12,,Best Ball Mania VII,deb0e69e-d357-4f7e-affa-2d5b8a726da8,25.0,15000000.0,672336,,,,,,,,,,
2026-06-14 15:30:25 UTC,81,ef35a5ca-57be-43d7-a55b-d4d568091425,Jayden,Reed,GB,WR,bb3d8ce0-a6dd-4b4c-a4e6-8ea1144bec7f,9a9db9d5-48f5-464f-b1f7-a11c4d42469c,,12,,The Pointer,263f68e0-a243-46a0-95f3-da997f476b2f,11.0,200000.0,20304,,,,,,,,,,
2026-06-13 20:26:55 UTC,75,942801d0-c4ad-4d2b-b971-34cc675ed8f8,Chuba,Hubbard,CAR,RB,dcdd70a5-307a-4539-b829-043852012e3a,3dc1001a-cb14-474f-9984-4c08fd16ab4c,,12,,The Frenchie 6,fb385198-3437-4c2e-aa39-efca53e73c60,8.0,50000.0,7020,,,,,,,,,,
2026-06-28 03:01:25 UTC,65,d407419c-8b2a-4590-b343-2f813554d6e0,Marvin,Harrison,ARI,WR,3f662d0c-53c7-4824-af8a-337f6aa31cdb,94203baa-4cc4-4381-a4ec-d3dcbd449244,,12,,The Poodle,74fc3940-bde1-4dbc-aeb1-36e3fc49c70d,7.0,350000.0,55800,,,,,,,,,,
2026-06-27 16:43:21 UTC,213,d580ee61-2ae9-4765-8065-85a4dc403af3,Mike,Gesicki,CIN,TE,0127974d-50ed-49b5-926f-053b77094d4b,ea7c3697-aac3-4ac7-9928-cb003003c914,,12,,The Poodle,74fc3940-bde1-4dbc-aeb1-36e3fc49c70d,7.0,350000.0,55800,,,,,,,,,,
2026-06-14 15:26:26 UTC,57,3e1631ff-095d-431f-9df2-e30c87ace2b0,Jameson,Williams,DET,WR,bb3d8ce0-a6dd-4b4c-a4e6-8ea1144bec7f,9a9db9d5-48f5-464f-b1f7-a11c4d42469c,,12,,The Pointer,263f68e0-a243-46a0-95f3-da997f476b2f,11.0,200000.0,20304,,,,,,,,,,
2026-07-04 02:55:22 UTC,41,01714e65-49e3-4185-8e4a-6a7ae051d5bf,Josh,Jacobs,GB,RB,41783140-10e9-431a-bd99-1d44fe5f3576,3eb75318-562b-43f3-8562-aff216ae2724,,12,,Best Ball Mania VII,deb0e69e-d357-4f7e-affa-2d5b8a726da8,25.0,15000000.0,672336,,,,,,,,,,
2026-04-27 22:19:25 UTC,213,ae5ffec8-ddb5-44de-bfbe-0ac08be1c2ae,Ted,Hurst,TB,WR,e8d64591-3f6d-4d66-bb7d-792292fc03e2,3a5a34c4-4d64-4e39-8ea0-5373b998851b,,12,,The Puppy,b42dca9a-7a0c-4c32-963d-a0ddfe179e0a,5.0,1000000.0,225000,,,,,,,,,,
2026-05-18 17:21:24 UTC,94,a732f00b-cb01-4c0d-8b64-6d8b605bf45f,Brock,Purdy,SF,QB,a9506484-351b-44dd-91cf-c8f8e9ecda9d,155fb692-2a8a-4c9d-84b5-21f4eab042e7,,12,,The Frenchie 3,f862a116-a69f-4db7-aeaf-29155b579be7,10.0,50000.0,5616,,,,,,,,,,
2026-06-14 21:33:18 UTC,139,9b6b5dd5-bcdf-4155-aa42-9b6c948e851e,Omar,Cooper,NYJ,WR,cc96bec4-e99d-45c3-bc46-63b89879cc0c,6844d736-d85b-41bf-9d57-b826e34fe2e7,,12,,The Pointer,263f68e0-a243-46a0-95f3-da997f476b2f,11.0,200000.0,20304,,,,,,,,,,
2026-06-27 02:05:58 UTC,83,ef35a5ca-57be-43d7-a55b-d4d568091425,Jayden,Reed,GB,WR,a86c4493-d380-49ad-9e7f-2c97dd59ecc0,001a694a-1bd0-46e8-8234-beef750e259b,,12,,The Frenchie 7,b67b7b55-004c-4cee-9c2d-c223e6eea3f9,20.0,50000.0,2808,,,,,,,,,,
2026-06-27 01:30:07 UTC,117,2c318b1c-13a5-4722-a649-8d9c35a8f50e,Kyler,Murray,MIN,QB,8d9fd882-6280-4862-8289-8c81f97a29fb,86373a61-b505-441e-84a2-fe9879aabb06,,12,,The Poodle,74fc3940-bde1-4dbc-aeb1-36e3fc49c70d,7.0,350000.0,55800,,,,,,,,,,
2026-06-15 00:27:24 UTC,28,41e96471-3191-4cbd-966d-e240e1b3deeb,DeVonta,Smith,PHI,WR,18452539-317f-4b75-b676-c9802ab905a6,46b95838-1f8d-428f-a1f0-e37de53036b7,,12,,The Pointer,263f68e0-a243-46a0-95f3-da997f476b2f,11.0,200000.0,20304,,,,,,,,,,
2026-05-05 01:45:26 UTC,36,03e908d2-14b1-49ed-a6e6-56e41a5e9988,Kyren,Williams,LAR,RB,c6677334-70a3-4b26-93e8-2bfab3fa84c7,5f2705a4-4a76-4ffe-a8e9-bd0b0b067b35,,12,,The Dachshund,1f35c88b-e5c4-4b8c-b42a-db74f55d7a18,8.0,200000.0,28080,,,,,,,,,,
2026-06-07 16:38:04 UTC,83,8abc1bed-0838-40ba-8959-45444bf778a5,RJ,Harvey,DEN,RB,07a61fec-0cd9-4f61-bd79-e7cecd910090,e471f89f-1103-4c38-8bd7-592c002e727c,,12,,The Frenchie 5,97e0d089-6357-4fe3-9875-49e1d99ca74a,2.0,50000.0,28200,,,,,,,,,,
2026-07-04 02:57:28 UTC,56,9dd90ca5-f85f-4823-863c-f5fc1719835c,Lamar,Jackson,BAL,QB,41783140-10e9-431a-bd99-1d44fe5f3576,3eb75318-562b-43f3-8562-aff216ae2724,,12,,Best Ball Mania VII,deb0e69e-d357-4f7e-affa-2d5b8a726da8,25.0,15000000.0,672336,,,,,,,,,,
2026-06-27 18:58:22 UTC,65,89d88336-52d9-468c-bbe3-c1167c2e7819,Carnell,Tate,TEN,WR,e729fd0a-84da-4388-9a97-f005c119292c,62779072-7688-4f57-82f0-ac631dab5f4d,,12,,The Poodle,74fc3940-bde1-4dbc-aeb1-36e3fc49c70d,7.0,350000.0,55800,,,,,,,,,,
2026-04-27 22:11:16 UTC,165,7d7766b7-6c5c-4a3f-9d89-adda8940df3d,Deebo,Samuel,,WR,e8d64591-3f6d-4d66-bb7d-792292fc03e2,3a5a34c4-4d64-4e39-8ea0-5373b998851b,,12,,The Puppy,b42dca9a-7a0c-4c32-963d-a0ddfe179e0a,5.0,1000000.0,225000,,,,,,,,,,
2026-04-27 21:13:48 UTC,168,7d7766b7-6c5c-4a3f-9d89-adda8940df3d,Deebo,Samuel,,WR,5b5fddd4-161a-4958-b2ff-9f9570d277ed,4ea19481-bcf6-4061-8709-1011a29e59d3,,12,,Best Ball Mania VII,deb0e69e-d357-4f7e-affa-2d5b8a726da8,25.0,15000000.0,672336,,,,,,,,,,
2026-06-27 01:41:21 UTC,189,0c7ec0aa-bc36-49d5-a402-0cb26a244803,AJ,Barner,SEA,TE,8d9fd882-6280-4862-8289-8c81f97a29fb,86373a61-b505-441e-84a2-fe9879aabb06,,12,,The Poodle,74fc3940-bde1-4dbc-aeb1-36e3fc49c70d,7.0,350000.0,55800,,,,,,,,,,
2026-06-30 20:53:14 UTC,194,13b2a45b-e31a-4bfd-b88d-a23adef97432,Jaylin,Noel,HOU,WR,c6b80e46-44d6-4446-8b92-04a69a71c79b,ef27d9db-d06c-4c32-a278-d7eebf99b27d,,12,,The Little Dalmatian,9be71122-4880-4cb8-afa7-f508779bd554,1.0,100000.0,112800,,,,,,,,,,
2026-06-18 00:42:49 UTC,13,91204d39-aa4f-4927-9728-3c80fde04371,Brock,Bowers,LV,TE,5f3635e6-00c0-4e05-8061-2f120307809c,c67f0a85-75e3-4ed8-90ed-9652d1d31f0f,,12,,The Puppy 2,e9f88543-f815-4db2-a076-1271fb35160c,5.0,1000000.0,225000,,,,,,,,,,
2026-06-16 01:22:40 UTC,64,42a418b0-461c-4841-9c74-8f4a3547239c,Christian,Watson,GB,WR,e84e4778-2727-470c-b770-a62814de28f9,81bb0394-19b2-43be-83fa-fafb44b09808,,12,,The Pointer,263f68e0-a243-46a0-95f3-da997f476b2f,11.0,200000.0,20304,,,,,,,,,,
2026-06-26 22:05:28 UTC,5,ad8c9f6a-fee3-4edf-95a9-83208575555e,Jaxon,Smith-Njigba,SEA,WR,e4521940-bfbc-4096-b0ee-f6e05d2b348f,3219288e-9a5c-4032-865d-90e021bdc5e0,,12,,The Poodle,74fc3940-bde1-4dbc-aeb1-36e3fc49c70d,7.0,350000.0,55800,,,,,,,,,,
2026-06-20 15:17:35 UTC,171,db9d8880-ccab-480e-8fa3-d0e1c1fe0297,Aaron,Rodgers,PIT,QB,c86fdc40-9150-425e-8b6d-3fa9413a3d63,58ba5202-112d-4b45-9e12-c64d3018c462,,12,,The Puppy 2,e9f88543-f815-4db2-a076-1271fb35160c,5.0,1000000.0,225000,,,,,,,,,,
2026-05-24 21:35:34 UTC,112,0b41b52c-c6f3-43bd-a655-35023705d92e,KC,Concepcion,CLE,WR,ec7f936c-3415-459d-88b6-29a4b4d7ecc8,4e00a9b7-5c72-4a4d-ba72-139da9a8e46c,,12,,The Pit Bull,f6f05181-3ff0-49e8-888e-b1cb18eb63a1,20.0,500000.0,28080,,,,,,,,,,
2026-06-14 15:27:49 UTC,64,e1bb7729-b87e-4abc-9743-f469d20839bd,Drake,Maye,NE,QB,bb3d8ce0-a6dd-4b4c-a4e6-8ea1144bec7f,9a9db9d5-48f5-464f-b1f7-a11c4d42469c,,12,,The Pointer,263f68e0-a243-46a0-95f3-da997f476b2f,11.0,200000.0,20304,,,,,,,,,,
2026-06-30 21:31:06 UTC,203,dbe588a1-cdaf-458e-a0b4-daa450f19bbf,Cooper,Kupp,SEA,WR,97fa549a-2fd2-4ebe-9071-2c48cb9d9cae,bc7a1cd8-4613-48dd-97ec-1400b5bbb6a2,,12,,The Little Dalmatian,9be71122-4880-4cb8-afa7-f508779bd554,1.0,100000.0,112800,,,,,,,,,,
2026-06-27 01:15:09 UTC,21,91204d39-aa4f-4927-9728-3c80fde04371,Brock,Bowers,LV,TE,8d9fd882-6280-4862-8289-8c81f97a29fb,86373a61-b505-441e-84a2-fe9879aabb06,,12,,The Poodle,74fc3940-bde1-4dbc-aeb1-36e3fc49c70d,7.0,350000.0,55800,,,,,,,,,,
2026-06-13 19:55:07 UTC,119,be568056-c66d-40fb-8c19-3185c357ced5,Matthew,Stafford,LAR,QB,beeb1ab6-ef30-43a7-8d66-3bd7ad90167b,9db2dfa3-a3a0-488f-b7fd-d54e71621df8,,12,,The Frenchie 6,fb385198-3437-4c2e-aa39-efca53e73c60,8.0,50000.0,7020,,,,,,,,,,
2026-05-19 01:54:32 UTC,166,77b3cf07-cf9b-4068-832f-4f787e7e7259,De'Zhaun,Stribling,SF,WR,467c48a4-416e-4110-b26c-ed87c22e5507,49229e31-9a86-4620-ad69-c8f88405d26a,,12,,The Frenchie 3,f862a116-a69f-4db7-aeaf-29155b579be7,10.0,50000.0,5616,,,,,,,,,,
2026-05-19 01:35:40 UTC,46,667ca3ed-1519-414d-83e0-30bf2dc21162,Luther,Burden,CHI,WR,467c48a4-416e-4110-b26c-ed87c22e5507,49229e31-9a86-4620-ad69-c8f88405d26a,,12,,The Frenchie 3,f862a116-a69f-4db7-aeaf-29155b579be7,10.0,50000.0,5616,,,,,,,,,,
2026-06-18 01:07:14 UTC,181,77b3cf07-cf9b-4068-832f-4f787e7e7259,De'Zhaun,Stribling,SF,WR,5f3635e6-00c0-4e05-8061-2f120307809c,c67f0a85-75e3-4ed8-90ed-9652d1d31f0f,,12,,The Puppy 2,e9f88543-f815-4db2-a076-1271fb35160c,5.0,1000000.0,225000,,,,,,,,,,
2026-06-28 03:24:34 UTC,200,ae5ffec8-ddb5-44de-bfbe-0ac08be1c2ae,Ted,Hurst,TB,WR,3f662d0c-53c7-4824-af8a-337f6aa31cdb,94203baa-4cc4-4381-a4ec-d3dcbd449244,,12,,The Poodle,74fc3940-bde1-4dbc-aeb1-36e3fc49c70d,7.0,350000.0,55800,,,,,,,,,,
2026-05-30 16:37:45 UTC,162,7d7766b7-6c5c-4a3f-9d89-adda8940df3d,Deebo,Samuel,,WR,4a756ff0-2931-40b3-857d-bcda46c63eaf,42bf770f-244e-4fac-9988-b29cf78ebdd1,,12,,The Pomeranian,dc6e77f6-581c-45a7-9bcf-0932e628037e,3.0,300000.0,112800,,,,,,,,,,
2026-04-27 22:15:41 UTC,189,2b915546-701a-43ba-83b8-14b637feaff5,Tank,Dell,HOU,WR,e8d64591-3f6d-4d66-bb7d-792292fc03e2,3a5a34c4-4d64-4e39-8ea0-5373b998851b,,12,,The Puppy,b42dca9a-7a0c-4c32-963d-a0ddfe179e0a,5.0,1000000.0,225000,,,,,,,,,,
2026-06-18 01:00:05 UTC,132,a84c94e2-eaef-4db4-b83d-08c6c6156581,Khalil,Shakir,BUF,WR,5f3635e6-00c0-4e05-8061-2f120307809c,c67f0a85-75e3-4ed8-90ed-9652d1d31f0f,,12,,The Puppy 2,e9f88543-f815-4db2-a076-1271fb35160c,5.0,1000000.0,225000,,,,,,,,,,
2026-06-30 21:43:02 UTC,199,d580ee61-2ae9-4765-8065-85a4dc403af3,Mike,Gesicki,CIN,TE,aa9014c1-bc8e-48b8-bc90-f528f4f2813f,c3114e6d-dc2c-4910-be08-0943e5f89ccd,,12,,The Little Dalmatian,9be71122-4880-4cb8-afa7-f508779bd554,1.0,100000.0,112800,,,,,,,,,,
2026-06-16 17:55:22 UTC,8,da561afd-b293-4e29-8986-fe658247131d,Amon-Ra,St. Brown,DET,WR,7cb24e63-0e7c-427f-86a7-ba712aee4de0,12ca49b3-d51c-4599-a3fb-c9c0779b53b5,,12,,The Pointer,263f68e0-a243-46a0-95f3-da997f476b2f,11.0,200000.0,20304,,,,,,,,,,
2026-05-07 01:42:59 UTC,122,eb7d78fd-a58f-49f4-a5c6-6e75cf6903c0,Aaron,Jones,MIN,RB,a114c157-0ef3-4303-a935-68360245eebd,e256afba-3e41-49ba-8206-af971735492f,,12,,The Mini Golden,49d2b4fe-fb5c-42a4-bc6a-e9b18547535a,2.0,20000.0,11280,,,,,,,,,,
2026-06-30 21:11:11 UTC,59,e91cddd5-487d-4d8b-8131-c85691917e82,Rome,Odunze,CHI,WR,97fa549a-2fd2-4ebe-9071-2c48cb9d9cae,bc7a1cd8-4613-48dd-97ec-1400b5bbb6a2,,12,,The Little Dalmatian,9be71122-4880-4cb8-afa7-f508779bd554,1.0,100000.0,112800,,,,,,,,,,
2026-05-01 20:42:52 UTC,195,6b6c0fe5-926b-4c07-869e-932beca840ba,Adonai,Mitchell,NYJ,WR,c58bea11-09c9-4e5b-9d82-a2cdc152f383,f71057b8-1a09-4540-89d1-8a9011707c98,,12,,The Frenchie,4a7aa4af-c383-450f-b99b-373cfca8983b,15.0,50000.0,3720,,,,,,,,,,
2026-06-06 03:31:13 UTC,22,d7fc5a7b-bbb5-4b53-a9d4-58780f9d3ba1,A.J.,Brown,NE,WR,c86fdc40-9150-425e-8b6d-3fa9413a3d63,58ba5202-112d-4b45-9e12-c64d3018c462,,12,,The Puppy 2,e9f88543-f815-4db2-a076-1271fb35160c,5.0,1000000.0,225000,,,,,,,,,,
2026-05-29 20:05:28 UTC,26,15a3bde4-5f94-46b8-9b44-928336c230fd,Breece,Hall,NYJ,RB,51a296f1-cf02-4089-88ef-2ff01a76fc00,81b48250-81c0-4439-b0d4-cb131868bdb0,,12,,The Pomeranian,dc6e77f6-581c-45a7-9bcf-0932e628037e,3.0,300000.0,112800,,,,,,,,,,
2026-05-18 17:21:55 UTC,99,2c318b1c-13a5-4722-a649-8d9c35a8f50e,Kyler,Murray,MIN,QB,a9506484-351b-44dd-91cf-c8f8e9ecda9d,155fb692-2a8a-4c9d-84b5-21f4eab042e7,,12,,The Frenchie 3,f862a116-a69f-4db7-aeaf-29155b579be7,10.0,50000.0,5616,,,,,,,,,,
2026-04-30 00:41:41 UTC,95,897642f1-74d8-4cf7-8a33-7fbcbd48d248,Bo,Nix,DEN,QB,cc7dd979-a980-4510-9e69-8c31e7fbd3fc,1eb32a63-95bc-45ab-b4e3-62a51b6d46dd,,12,,The Puppy,b42dca9a-7a0c-4c32-963d-a0ddfe179e0a,5.0,1000000.0,225000,,,,,,,,,,
2026-07-01 20:56:09 UTC,70,986f5827-6ed9-4992-9c64-df54cc33c2b2,Jayden,Daniels,WAS,QB,adceec9f-5f0a-4eb4-8204-d8745c3c8374,f7a23d8d-6aaf-4902-8fed-d7b6e3fcaf8a,,12,,Best Ball Mania VII,deb0e69e-d357-4f7e-affa-2d5b8a726da8,25.0,15000000.0,672336,,,,,,,,,,
2026-06-26 22:31:31 UTC,164,7d7766b7-6c5c-4a3f-9d89-adda8940df3d,Deebo,Samuel,,WR,e4521940-bfbc-4096-b0ee-f6e05d2b348f,3219288e-9a5c-4032-865d-90e021bdc5e0,,12,,The Poodle,74fc3940-bde1-4dbc-aeb1-36e3fc49c70d,7.0,350000.0,55800,,,,,,,,,,
2026-06-30 21:36:29 UTC,162,7d34e47d-044c-4a44-90b4-d1ce54549cea,T.J.,Hockenson,MIN,TE,aa9014c1-bc8e-48b8-bc90-f528f4f2813f,c3114e6d-dc2c-4910-be08-0943e5f89ccd,,12,,The Little Dalmatian,9be71122-4880-4cb8-afa7-f508779bd554,1.0,100000.0,112800,,,,,,,,,,
2026-04-28 01:37:38 UTC,8,21ec9ffa-959e-4e5e-8d64-88776b1b4150,CeeDee,Lamb,DAL,WR,9c64b40e-bbeb-4351-a440-aab775bdd166,e1bd5b1d-1339-4425-962f-37bc39dc3ebf,,12,,The Puppy,b42dca9a-7a0c-4c32-963d-a0ddfe179e0a,5.0,1000000.0,225000,,,,,,,,,,
2026-06-16 18:27:11 UTC,209,290c697a-95db-494a-9728-a1c3f90d4395,Eli,Stowers,PHI,TE,7cb24e63-0e7c-427f-86a7-ba712aee4de0,12ca49b3-d51c-4599-a3fb-c9c0779b53b5,,12,,The Pointer,263f68e0-a243-46a0-95f3-da997f476b2f,11.0,200000.0,20304,,,,,,,,,,
2026-06-13 18:08:23 UTC,185,9e0fd3fb-73c5-4f37-b250-1b768168bbf1,Antonio,Williams,WAS,WR,c8e9011c-e455-444e-ac54-5ea37d5e5ba0,d16119ee-7d13-4d22-95ae-16c787190abf,,12,,The Frenchie 6,fb385198-3437-4c2e-aa39-efca53e73c60,8.0,50000.0,7020,,,,,,,,,,
2026-06-26 22:27:31 UTC,140,9b6b5dd5-bcdf-4155-aa42-9b6c948e851e,Omar,Cooper,NYJ,WR,e4521940-bfbc-4096-b0ee-f6e05d2b348f,3219288e-9a5c-4032-865d-90e021bdc5e0,,12,,The Poodle,74fc3940-bde1-4dbc-aeb1-36e3fc49c70d,7.0,350000.0,55800,,,,,,,,,,
2026-07-04 22:42:00 UTC,65,7d59fc1e-990c-4002-994f-3c5e32b058ca,Jordyn,Tyson,NO,WR,c1f4fd53-680b-4da0-8624-96a3d6475642,e34f2394-2e6e-429f-941b-961e2e8db3fa,,12,,The Chihuahua,9482f23f-3368-461d-83bd-7c706ffba069,4.0,250000.0,70308,,,,,,,,,,
2026-05-07 01:48:09 UTC,146,a59c3f47-ac4f-4bbc-8ea0-4b0afe04b9dc,Kenyon,Sadiq,NYJ,TE,a114c157-0ef3-4303-a935-68360245eebd,e256afba-3e41-49ba-8206-af971735492f,,12,,The Mini Golden,49d2b4fe-fb5c-42a4-bc6a-e9b18547535a,2.0,20000.0,11280,,,,,,,,,,
2026-06-30 21:13:22 UTC,74,017da9b8-968f-4baa-858f-d8bbf32373ee,Rhamondre,Stevenson,NE,RB,8d6a404e-75d0-46e0-b160-95044ca05255,3a86e85d-490f-44a4-aa4b-6e22b69d33b6,,12,,The Little Dalmatian,9be71122-4880-4cb8-afa7-f508779bd554,1.0,100000.0,112800,,,,,,,,,,
2026-05-30 18:46:08 UTC,47,4b14baf1-115c-4fde-b12b-fa3ec53ab612,David,Montgomery,HOU,RB,ba81aa92-671b-4c44-bdb4-e62f3cd70227,66b74861-8269-43d6-a4ba-37da26d1fa55,,12,,The Frenchie 4,29e5e908-c1d9-44d9-87e7-7873093259d4,30.0,50000.0,1872,,,,,,,,,,
2026-06-07 16:46:34 UTC,134,a84c94e2-eaef-4db4-b83d-08c6c6156581,Khalil,Shakir,BUF,WR,07a61fec-0cd9-4f61-bd79-e7cecd910090,e471f89f-1103-4c38-8bd7-592c002e727c,,12,,The Frenchie 5,97e0d089-6357-4fe3-9875-49e1d99ca74a,2.0,50000.0,28200,,,,,,,,,,
2026-07-01 20:56:58 UTC,75,41bac526-b103-4a40-9142-dcef21e5da72,Jaylen,Warren,PIT,RB,adceec9f-5f0a-4eb4-8204-d8745c3c8374,f7a23d8d-6aaf-4902-8fed-d7b6e3fcaf8a,,12,,Best Ball Mania VII,deb0e69e-d357-4f7e-affa-2d5b8a726da8,25.0,15000000.0,672336,,,,,,,,,,
2026-05-19 01:59:20 UTC,195,d53f8a01-f0d6-441b-b85a-d69b2095642d,Tre',Harris,LAC,WR,467c48a4-416e-4110-b26c-ed87c22e5507,49229e31-9a86-4620-ad69-c8f88405d26a,,12,,The Frenchie 3,f862a116-a69f-4db7-aeaf-29155b579be7,10.0,50000.0,5616,,,,,,,,,,
2026-06-16 01:26:39 UTC,88,8a17ba41-08bf-455e-852c-e5f9776021af,Patrick,Mahomes,KC,QB,e84e4778-2727-470c-b770-a62814de28f9,81bb0394-19b2-43be-83fa-fafb44b09808,,12,,The Pointer,263f68e0-a243-46a0-95f3-da997f476b2f,11.0,200000.0,20304,,,,,,,,,,
2026-06-14 15:23:01 UTC,33,15a3bde4-5f94-46b8-9b44-928336c230fd,Breece,Hall,NYJ,RB,bb3d8ce0-a6dd-4b4c-a4e6-8ea1144bec7f,9a9db9d5-48f5-464f-b1f7-a11c4d42469c,,12,,The Pointer,263f68e0-a243-46a0-95f3-da997f476b2f,11.0,200000.0,20304,,,,,,,,,,
2026-06-30 21:24:08 UTC,143,d2297be4-c288-4bc4-aad9-fd8e02646776,Malik,Willis,MIA,QB,a2685405-d4d0-4a4f-ba7a-82a3af77d83b,3c44495f-eda8-4def-9afd-03357d5d4972,,12,,The Little Dalmatian,9be71122-4880-4cb8-afa7-f508779bd554,1.0,100000.0,112800,,,,,,,,,,
2026-07-05 01:15:21 UTC,135,4efc8624-dc36-4242-b1cb-0cc6d3862174,Stefon,Diggs,,WR,82e46a8e-10dd-4fbf-9050-6575e10ab2fa,d87d5697-e8bf-4893-821b-c60562656d17,,12,,The Chihuahua,9482f23f-3368-461d-83bd-7c706ffba069,4.0,250000.0,70308,,,,,,,,,,
2026-06-13 20:45:41 UTC,190,c90c934c-9d10-4836-a138-d8ce1e2198d2,Braelon,Allen,NYJ,RB,dcdd70a5-307a-4539-b829-043852012e3a,3dc1001a-cb14-474f-9984-4c08fd16ab4c,,12,,The Frenchie 6,fb385198-3437-4c2e-aa39-efca53e73c60,8.0,50000.0,7020,,,,,,,,,,
2026-06-16 02:24:57 UTC,143,86e4ae73-0fb9-4cbe-a457-71f3f7ea2a22,Travis,Hunter,JAX,WR,8bc1b5b9-1778-4802-9b94-52d59f8f0cb2,101f183f-2a0c-471e-b987-d67e723dbad8,,12,,The Puppy 2,e9f88543-f815-4db2-a076-1271fb35160c,5.0,1000000.0,225000,,,,,,,,,,
2026-05-18 17:17:18 UTC,70,11818a85-2fd9-4efd-aba2-bb18fc46a486,Makai,Lemon,PHI,WR,a9506484-351b-44dd-91cf-c8f8e9ecda9d,155fb692-2a8a-4c9d-84b5-21f4eab042e7,,12,,The Frenchie 3,f862a116-a69f-4db7-aeaf-29155b579be7,10.0,50000.0,5616,,,,,,,,,,
2026-05-29 20:13:18 UTC,74,96b8e2a1-4f67-4f4f-807f-861566d4461c,Jalen,Hurts,PHI,QB,51a296f1-cf02-4089-88ef-2ff01a76fc00,81b48250-81c0-4439-b0d4-cb131868bdb0,,12,,The Pomeranian,dc6e77f6-581c-45a7-9bcf-0932e628037e,3.0,300000.0,112800,,,,,,,,,,
2026-06-16 01:14:07 UTC,9,3ccbc4c7-afff-4477-93c6-10c823f53098,Justin,Jefferson,MIN,WR,e84e4778-2727-470c-b770-a62814de28f9,81bb0394-19b2-43be-83fa-fafb44b09808,,12,,The Pointer,263f68e0-a243-46a0-95f3-da997f476b2f,11.0,200000.0,20304,,,,,,,,,,
2026-07-01 20:23:18 UTC,112,0b41b52c-c6f3-43bd-a655-35023705d92e,KC,Concepcion,CLE,WR,c24b3ba9-8cc2-464c-9e9d-b41415df5fde,12a32a52-1277-49f1-9dc6-46016e4d9ce4,,12,,Best Ball Mania VII,deb0e69e-d357-4f7e-affa-2d5b8a726da8,25.0,15000000.0,672336,,,,,,,,,,
2026-05-24 21:49:09 UTC,201,dbe588a1-cdaf-458e-a0b4-daa450f19bbf,Cooper,Kupp,SEA,WR,ec7f936c-3415-459d-88b6-29a4b4d7ecc8,4e00a9b7-5c72-4a4d-ba72-139da9a8e46c,,12,,The Pit Bull,f6f05181-3ff0-49e8-888e-b1cb18eb63a1,20.0,500000.0,28080,,,,,,,,,,
2026-06-16 18:04:17 UTC,56,dc3bcebb-9e77-437c-9f51-57548947a981,D'Andre,Swift,CHI,RB,7cb24e63-0e7c-427f-86a7-ba712aee4de0,12ca49b3-d51c-4599-a3fb-c9c0779b53b5,,12,,The Pointer,263f68e0-a243-46a0-95f3-da997f476b2f,11.0,200000.0,20304,,,,,,,,,,
2026-07-01 23:30:31 UTC,141,4efc8624-dc36-4242-b1cb-0cc6d3862174,Stefon,Diggs,,WR,157c0aa8-6803-4802-b214-b18a55085899,1ba62fc7-d34e-4c81-8987-feef98922bb2,,12,,Best Ball Mania VII,deb0e69e-d357-4f7e-affa-2d5b8a726da8,25.0,15000000.0,672336,,,,,,,,,,
2026-06-27 01:38:41 UTC,172,7d7766b7-6c5c-4a3f-9d89-adda8940df3d,Deebo,Samuel,,WR,8d9fd882-6280-4862-8289-8c81f97a29fb,86373a61-b505-441e-84a2-fe9879aabb06,,12,,The Poodle,74fc3940-bde1-4dbc-aeb1-36e3fc49c70d,7.0,350000.0,55800,,,,,,,,,,
2026-04-27 21:09:27 UTC,145,5d942e20-efde-4e9b-b4be-8112da68037a,Denzel,Boston,CLE,WR,5b5fddd4-161a-4958-b2ff-9f9570d277ed,4ea19481-bcf6-4061-8709-1011a29e59d3,,12,,Best Ball Mania VII,deb0e69e-d357-4f7e-affa-2d5b8a726da8,25.0,15000000.0,672336,,,,,,,,,,
2026-06-13 18:12:07 UTC,209,54804a9a-55bd-48b9-8dd3-f4e073bf9460,Eli,Raridon,NE,TE,c8e9011c-e455-444e-ac54-5ea37d5e5ba0,d16119ee-7d13-4d22-95ae-16c787190abf,,12,,The Frenchie 6,fb385198-3437-4c2e-aa39-efca53e73c60,8.0,50000.0,7020,,,,,,,,,,
2026-05-01 20:38:36 UTC,171,52947412-4003-4b6b-9660-5a2aa4ca1bd7,Calvin,Ridley,TEN,WR,c58bea11-09c9-4e5b-9d82-a2cdc152f383,f71057b8-1a09-4540-89d1-8a9011707c98,,12,,The Frenchie,4a7aa4af-c383-450f-b99b-373cfca8983b,15.0,50000.0,3720,,,,,,,,,,
2026-06-10 20:22:03 UTC,83,ef35a5ca-57be-43d7-a55b-d4d568091425,Jayden,Reed,GB,WR,fc0705d2-2946-4467-b5bf-e615c597292f,b9906f44-456a-4789-840b-677404101d5e,,12,,The Puppy 2,e9f88543-f815-4db2-a076-1271fb35160c,5.0,1000000.0,225000,,,,,,,,,,
2026-04-27 22:00:46 UTC,100,b63d54a7-769e-4dd3-8ba8-bc1e865afc2f,Tony,Pollard,TEN,RB,e8d64591-3f6d-4d66-bb7d-792292fc03e2,3a5a34c4-4d64-4e39-8ea0-5373b998851b,,12,,The Puppy,b42dca9a-7a0c-4c32-963d-a0ddfe179e0a,5.0,1000000.0,225000,,,,,,,,,,
2026-07-01 20:12:08 UTC,40,a3a3a72e-899e-4bbb-962d-dd308af3a320,Tetairoa,McMillan,CAR,WR,c24b3ba9-8cc2-464c-9e9d-b41415df5fde,12a32a52-1277-49f1-9dc6-46016e4d9ce4,,12,,Best Ball Mania VII,deb0e69e-d357-4f7e-affa-2d5b8a726da8,25.0,15000000.0,672336,,,,,,,,,,
2026-06-27 16:23:00 UTC,76,942801d0-c4ad-4d2b-b971-34cc675ed8f8,Chuba,Hubbard,CAR,RB,0127974d-50ed-49b5-926f-053b77094d4b,ea7c3697-aac3-4ac7-9928-cb003003c914,,12,,The Poodle,74fc3940-bde1-4dbc-aeb1-36e3fc49c70d,7.0,350000.0,55800,,,,,,,,,,
2026-06-01 19:39:06 UTC,27,bcd9dd40-142a-4f3c-b47e-654117d32658,Nico,Collins,HOU,WR,11652228-7947-40ec-b183-cd5cfd3e3eff,74b6cfcc-b259-47a5-b8ab-ca350ccb35d9,,12,,The Hound Dog,9f0acdc2-c088-4acb-beab-2c5399bf6d6a,6.0,100000.0,18600,,,,,,,,,,
2026-06-26 22:33:10 UTC,173,77b3cf07-cf9b-4068-832f-4f787e7e7259,De'Zhaun,Stribling,SF,WR,e4521940-bfbc-4096-b0ee-f6e05d2b348f,3219288e-9a5c-4032-865d-90e021bdc5e0,,12,,The Poodle,74fc3940-bde1-4dbc-aeb1-36e3fc49c70d,7.0,350000.0,55800,,,,,,,,,,
2026-05-05 01:42:12 UTC,13,674152bc-219e-4a7e-88e1-0b7bab267127,Saquon,Barkley,PHI,RB,c6677334-70a3-4b26-93e8-2bfab3fa84c7,5f2705a4-4a76-4ffe-a8e9-bd0b0b067b35,,12,,The Dachshund,1f35c88b-e5c4-4b8c-b42a-db74f55d7a18,8.0,200000.0,28080,,,,,,,,,,
2026-07-05 01:14:13 UTC,130,03132f54-3982-4620-8495-c8fb6ec423f8,Jalen,Coker,CAR,WR,82e46a8e-10dd-4fbf-9050-6575e10ab2fa,d87d5697-e8bf-4893-821b-c60562656d17,,12,,The Chihuahua,9482f23f-3368-461d-83bd-7c706ffba069,4.0,250000.0,70308,,,,,,,,,,
2026-07-04 22:44:34 UTC,80,8abc1bed-0838-40ba-8959-45444bf778a5,RJ,Harvey,DEN,RB,c1f4fd53-680b-4da0-8624-96a3d6475642,e34f2394-2e6e-429f-941b-961e2e8db3fa,,12,,The Chihuahua,9482f23f-3368-461d-83bd-7c706ffba069,4.0,250000.0,70308,,,,,,,,,,
2026-05-29 20:09:27 UTC,50,61dc9c11-cbf2-4508-bc17-54da23abfb8d,Davante,Adams,LAR,WR,51a296f1-cf02-4089-88ef-2ff01a76fc00,81b48250-81c0-4439-b0d4-cb131868bdb0,,12,,The Pomeranian,dc6e77f6-581c-45a7-9bcf-0932e628037e,3.0,300000.0,112800,,,,,,,,,,
2026-05-18 17:26:29 UTC,123,9077a1e5-ae83-43f2-ad88-8e44df2d6f4d,Jake,Ferguson,DAL,TE,a9506484-351b-44dd-91cf-c8f8e9ecda9d,155fb692-2a8a-4c9d-84b5-21f4eab042e7,,12,,The Frenchie 3,f862a116-a69f-4db7-aeaf-29155b579be7,10.0,50000.0,5616,,,,,,,,,,
2026-06-07 16:29:40 UTC,35,01714e65-49e3-4185-8e4a-6a7ae051d5bf,Josh,Jacobs,GB,RB,07a61fec-0cd9-4f61-bd79-e7cecd910090,e471f89f-1103-4c38-8bd7-592c002e727c,,12,,The Frenchie 5,97e0d089-6357-4fe3-9875-49e1d99ca74a,2.0,50000.0,28200,,,,,,,,,,
2026-05-19 01:51:06 UTC,147,4efc8624-dc36-4242-b1cb-0cc6d3862174,Stefon,Diggs,,WR,467c48a4-416e-4110-b26c-ed87c22e5507,49229e31-9a86-4620-ad69-c8f88405d26a,,12,,The Frenchie 3,f862a116-a69f-4db7-aeaf-29155b579be7,10.0,50000.0,5616,,,,,,,,,,
2026-06-28 02:10:44 UTC,95,fbe947d5-246f-4e65-9c82-fe7480240b81,Blake,Corum,LAR,RB,02211811-63df-41db-9181-34910d1fa7c1,ad19b693-0616-48d3-a661-eec35e697823,,12,,The Poodle,74fc3940-bde1-4dbc-aeb1-36e3fc49c70d,7.0,350000.0,55800,,,,,,,,,,
2026-05-29 20:28:52 UTC,167,84d2c2de-8b5a-41cd-a571-aa7aafcfbc06,Bryce,Young,CAR,QB,51a296f1-cf02-4089-88ef-2ff01a76fc00,81b48250-81c0-4439-b0d4-cb131868bdb0,,12,,The Pomeranian,dc6e77f6-581c-45a7-9bcf-0932e628037e,3.0,300000.0,112800,,,,,,,,,,
2026-06-25 01:28:45 UTC,119,0b41b52c-c6f3-43bd-a655-35023705d92e,KC,Concepcion,CLE,WR,175cb4d1-f4c4-4642-a486-4095470db90c,97593f40-b53a-413a-b69f-0bb12e20df3e,,12,,The Poodle,74fc3940-bde1-4dbc-aeb1-36e3fc49c70d,7.0,350000.0,55800,,,,,,,,,,
2026-04-27 21:56:55 UTC,76,942801d0-c4ad-4d2b-b971-34cc675ed8f8,Chuba,Hubbard,CAR,RB,e8d64591-3f6d-4d66-bb7d-792292fc03e2,3a5a34c4-4d64-4e39-8ea0-5373b998851b,,12,,The Puppy,b42dca9a-7a0c-4c32-963d-a0ddfe179e0a,5.0,1000000.0,225000,,,,,,,,,,
2026-06-30 16:21:05 UTC,69,e1bb7729-b87e-4abc-9743-f469d20839bd,Drake,Maye,NE,QB,99e0a524-535d-4697-a0ec-96f672de3dab,04c3c42f-a536-438c-811d-9a168f4304dd,,12,,The Little Dalmatian,9be71122-4880-4cb8-afa7-f508779bd554,1.0,100000.0,112800,,,,,,,,,,
2026-06-14 15:38:40 UTC,136,9b6b5dd5-bcdf-4155-aa42-9b6c948e851e,Omar,Cooper,NYJ,WR,bb3d8ce0-a6dd-4b4c-a4e6-8ea1144bec7f,9a9db9d5-48f5-464f-b1f7-a11c4d42469c,,12,,The Pointer,263f68e0-a243-46a0-95f3-da997f476b2f,11.0,200000.0,20304,,,,,,,,,,
2026-05-18 17:40:24 UTC,214,5df1a513-165c-4a68-8430-397522553e27,Dontayvion,Wicks,PHI,WR,a9506484-351b-44dd-91cf-c8f8e9ecda9d,155fb692-2a8a-4c9d-84b5-21f4eab042e7,,12,,The Frenchie 3,f862a116-a69f-4db7-aeaf-29155b579be7,10.0,50000.0,5616,,,,,,,,,,
2026-07-04 22:48:57 UTC,104,b44b6d29-a02e-48ae-9b60-1f2202464ba9,Jonathon,Brooks,CAR,RB,c1f4fd53-680b-4da0-8624-96a3d6475642,e34f2394-2e6e-429f-941b-961e2e8db3fa,,12,,The Chihuahua,9482f23f-3368-461d-83bd-7c706ffba069,4.0,250000.0,70308,,,,,,,,,,
2026-07-01 23:09:12 UTC,21,6ed8fa4f-065c-4166-bd39-81555e655948,Chase,Brown,CIN,RB,157c0aa8-6803-4802-b214-b18a55085899,1ba62fc7-d34e-4c81-8987-feef98922bb2,,12,,Best Ball Mania VII,deb0e69e-d357-4f7e-affa-2d5b8a726da8,25.0,15000000.0,672336,,,,,,,,,,
2026-06-27 16:16:09 UTC,28,2955db5c-a718-4e9b-a9bf-c9c51a1a4c11,Trey,McBride,ARI,TE,0127974d-50ed-49b5-926f-053b77094d4b,ea7c3697-aac3-4ac7-9928-cb003003c914,,12,,The Poodle,74fc3940-bde1-4dbc-aeb1-36e3fc49c70d,7.0,350000.0,55800,,,,,,,,,,
2026-05-07 01:42:28 UTC,119,609c7ac6-7a6a-49e2-bc37-6ad755dc8513,Xavier,Worthy,KC,WR,a114c157-0ef3-4303-a935-68360245eebd,e256afba-3e41-49ba-8206-af971735492f,,12,,The Mini Golden,49d2b4fe-fb5c-42a4-bc6a-e9b18547535a,2.0,20000.0,11280,,,,,,,,,,
2026-06-15 00:59:58 UTC,213,2367117b-16b7-45a4-970d-9ed4cf3f7e38,Ray,Davis,BUF,RB,18452539-317f-4b75-b676-c9802ab905a6,46b95838-1f8d-428f-a1f0-e37de53036b7,,12,,The Pointer,263f68e0-a243-46a0-95f3-da997f476b2f,11.0,200000.0,20304,,,,,,,,,,
2026-07-04 03:14:53 UTC,176,9fd3effd-2d57-43d1-9da9-118e0aa3689b,Dalton,Schultz,HOU,TE,41783140-10e9-431a-bd99-1d44fe5f3576,3eb75318-562b-43f3-8562-aff216ae2724,,12,,Best Ball Mania VII,deb0e69e-d357-4f7e-affa-2d5b8a726da8,25.0,15000000.0,672336,,,,,,,,,,
2026-06-07 16:26:07 UTC,14,9f4b0912-cb1e-4d16-b82b-45b05b012839,Ashton,Jeanty,LV,RB,07a61fec-0cd9-4f61-bd79-e7cecd910090,e471f89f-1103-4c38-8bd7-592c002e727c,,12,,The Frenchie 5,97e0d089-6357-4fe3-9875-49e1d99ca74a,2.0,50000.0,28200,,,,,,,,,,
2026-05-29 20:02:33 UTC,2,5daf3960-25f3-402a-800a-41f8ae4c38b5,Jahmyr,Gibbs,DET,RB,51a296f1-cf02-4089-88ef-2ff01a76fc00,81b48250-81c0-4439-b0d4-cb131868bdb0,,12,,The Pomeranian,dc6e77f6-581c-45a7-9bcf-0932e628037e,3.0,300000.0,112800,,,,,,,,,,
2026-07-04 02:58:52 UTC,65,d407419c-8b2a-4590-b343-2f813554d6e0,Marvin,Harrison,ARI,WR,41783140-10e9-431a-bd99-1d44fe5f3576,3eb75318-562b-43f3-8562-aff216ae2724,,12,,Best Ball Mania VII,deb0e69e-d357-4f7e-affa-2d5b8a726da8,25.0,15000000.0,672336,,,,,,,,,,
2026-06-06 02:26:46 UTC,210,6b6c0fe5-926b-4c07-869e-932beca840ba,Adonai,Mitchell,NYJ,WR,68edc017-58cd-470d-a1b3-268fcd2f3a54,01732e46-351b-4715-be3c-92f480ce2661,,12,,The Frenchie 5,97e0d089-6357-4fe3-9875-49e1d99ca74a,2.0,50000.0,28200,,,,,,,,,,
2026-06-15 00:39:53 UTC,100,b44b6d29-a02e-48ae-9b60-1f2202464ba9,Jonathon,Brooks,CAR,RB,18452539-317f-4b75-b676-c9802ab905a6,46b95838-1f8d-428f-a1f0-e37de53036b7,,12,,The Pointer,263f68e0-a243-46a0-95f3-da997f476b2f,11.0,200000.0,20304,,,,,,,,,,
2026-07-05 01:07:38 UTC,87,8a17ba41-08bf-455e-852c-e5f9776021af,Patrick,Mahomes,KC,QB,82e46a8e-10dd-4fbf-9050-6575e10ab2fa,d87d5697-e8bf-4893-821b-c60562656d17,,12,,The Chihuahua,9482f23f-3368-461d-83bd-7c706ffba069,4.0,250000.0,70308,,,,,,,,,,
2026-06-27 16:15:32 UTC,21,2b821176-4aeb-4159-b49e-c87dfc4a25d9,Drake,London,ATL,WR,0127974d-50ed-49b5-926f-053b77094d4b,ea7c3697-aac3-4ac7-9928-cb003003c914,,12,,The Poodle,74fc3940-bde1-4dbc-aeb1-36e3fc49c70d,7.0,350000.0,55800,,,,,,,,,,
2026-05-07 01:25:44 UTC,23,2b821176-4aeb-4159-b49e-c87dfc4a25d9,Drake,London,ATL,WR,a114c157-0ef3-4303-a935-68360245eebd,e256afba-3e41-49ba-8206-af971735492f,,12,,The Mini Golden,49d2b4fe-fb5c-42a4-bc6a-e9b18547535a,2.0,20000.0,11280,,,,,,,,,,
2026-06-14 21:18:30 UTC,67,986f5827-6ed9-4992-9c64-df54cc33c2b2,Jayden,Daniels,WAS,QB,cc96bec4-e99d-45c3-bc46-63b89879cc0c,6844d736-d85b-41bf-9d57-b826e34fe2e7,,12,,The Pointer,263f68e0-a243-46a0-95f3-da997f476b2f,11.0,200000.0,20304,,,,,,,,,,
2026-06-13 20:13:03 UTC,3,ad8c9f6a-fee3-4edf-95a9-83208575555e,Jaxon,Smith-Njigba,SEA,WR,dcdd70a5-307a-4539-b829-043852012e3a,3dc1001a-cb14-474f-9984-4c08fd16ab4c,,12,,The Frenchie 6,fb385198-3437-4c2e-aa39-efca53e73c60,8.0,50000.0,7020,,,,,,,,,,
2026-06-30 21:11:42 UTC,62,d407419c-8b2a-4590-b343-2f813554d6e0,Marvin,Harrison,ARI,WR,97fa549a-2fd2-4ebe-9071-2c48cb9d9cae,bc7a1cd8-4613-48dd-97ec-1400b5bbb6a2,,12,,The Little Dalmatian,9be71122-4880-4cb8-afa7-f508779bd554,1.0,100000.0,112800,,,,,,,,,,
2026-06-30 21:17:04 UTC,95,fbe947d5-246f-4e65-9c82-fe7480240b81,Blake,Corum,LAR,RB,a2685405-d4d0-4a4f-ba7a-82a3af77d83b,3c44495f-eda8-4def-9afd-03357d5d4972,,12,,The Little Dalmatian,9be71122-4880-4cb8-afa7-f508779bd554,1.0,100000.0,112800,,,,,,,,,,
2026-07-04 03:20:16 UTC,209,c90c934c-9d10-4836-a138-d8ce1e2198d2,Braelon,Allen,NYJ,RB,41783140-10e9-431a-bd99-1d44fe5f3576,3eb75318-562b-43f3-8562-aff216ae2724,,12,,Best Ball Mania VII,deb0e69e-d357-4f7e-affa-2d5b8a726da8,25.0,15000000.0,672336,,,,,,,,,,
2026-06-18 00:52:57 UTC,85,8abc1bed-0838-40ba-8959-45444bf778a5,RJ,Harvey,DEN,RB,5f3635e6-00c0-4e05-8061-2f120307809c,c67f0a85-75e3-4ed8-90ed-9652d1d31f0f,,12,,The Puppy 2,e9f88543-f815-4db2-a076-1271fb35160c,5.0,1000000.0,225000,,,,,,,,,,
2026-07-04 23:04:52 UTC,200,97ac300b-1153-4a8d-ac58-47f85d74cd51,Pat,Bryant,DEN,WR,c1f4fd53-680b-4da0-8624-96a3d6475642,e34f2394-2e6e-429f-941b-961e2e8db3fa,,12,,The Chihuahua,9482f23f-3368-461d-83bd-7c706ffba069,4.0,250000.0,70308,,,,,,,,,,
2026-06-27 01:16:30 UTC,28,1f6e0b0d-f18a-41cd-8df6-18d49ef463c1,Rashee,Rice,KC,WR,8d9fd882-6280-4862-8289-8c81f97a29fb,86373a61-b505-441e-84a2-fe9879aabb06,,12,,The Poodle,74fc3940-bde1-4dbc-aeb1-36e3fc49c70d,7.0,350000.0,55800,,,,,,,,,,
2026-06-01 19:48:23 UTC,75,942801d0-c4ad-4d2b-b971-34cc675ed8f8,Chuba,Hubbard,CAR,RB,11652228-7947-40ec-b183-cd5cfd3e3eff,74b6cfcc-b259-47a5-b8ab-ca350ccb35d9,,12,,The Hound Dog,9f0acdc2-c088-4acb-beab-2c5399bf6d6a,6.0,100000.0,18600,,,,,,,,,,
2026-07-01 21:14:19 UTC,171,77b3cf07-cf9b-4068-832f-4f787e7e7259,De'Zhaun,Stribling,SF,WR,adceec9f-5f0a-4eb4-8204-d8745c3c8374,f7a23d8d-6aaf-4902-8fed-d7b6e3fcaf8a,,12,,Best Ball Mania VII,deb0e69e-d357-4f7e-affa-2d5b8a726da8,25.0,15000000.0,672336,,,,,,,,,,
2026-06-18 00:42:39 UTC,12,60d2284c-5727-4476-8eaa-fa734e0d9f01,James,Cook,BUF,RB,5f3635e6-00c0-4e05-8061-2f120307809c,c67f0a85-75e3-4ed8-90ed-9652d1d31f0f,,12,,The Puppy 2,e9f88543-f815-4db2-a076-1271fb35160c,5.0,1000000.0,225000,,,,,,,,,,
2026-06-14 15:41:25 UTC,160,77b3cf07-cf9b-4068-832f-4f787e7e7259,De'Zhaun,Stribling,SF,WR,bb3d8ce0-a6dd-4b4c-a4e6-8ea1144bec7f,9a9db9d5-48f5-464f-b1f7-a11c4d42469c,,12,,The Pointer,263f68e0-a243-46a0-95f3-da997f476b2f,11.0,200000.0,20304,,,,,,,,,,
2026-06-28 01:54:02 UTC,2,25cbfc55-cb8a-4589-85de-e91870f65952,Bijan,Robinson,ATL,RB,02211811-63df-41db-9181-34910d1fa7c1,ad19b693-0616-48d3-a661-eec35e697823,,12,,The Poodle,74fc3940-bde1-4dbc-aeb1-36e3fc49c70d,7.0,350000.0,55800,,,,,,,,,,
2026-06-07 16:30:14 UTC,38,c07c6a7e-5738-4d6d-9cc6-5e8ce3707358,Malik,Nabers,NYG,WR,07a61fec-0cd9-4f61-bd79-e7cecd910090,e471f89f-1103-4c38-8bd7-592c002e727c,,12,,The Frenchie 5,97e0d089-6357-4fe3-9875-49e1d99ca74a,2.0,50000.0,28200,,,,,,,,,,
2026-07-05 00:59:02 UTC,39,01714e65-49e3-4185-8e4a-6a7ae051d5bf,Josh,Jacobs,GB,RB,82e46a8e-10dd-4fbf-9050-6575e10ab2fa,d87d5697-e8bf-4893-821b-c60562656d17,,12,,The Chihuahua,9482f23f-3368-461d-83bd-7c706ffba069,4.0,250000.0,70308,,,,,,,,,,
2026-06-30 20:35:42 UTC,70,b63d54a7-769e-4dd3-8ba8-bc1e865afc2f,Tony,Pollard,TEN,RB,fd0eb170-a9b3-46b3-9dc0-cdf7ca546f12,47c9f223-0f07-4f52-bb15-337d1c09cd61,,12,,The Little Dalmatian,9be71122-4880-4cb8-afa7-f508779bd554,1.0,100000.0,112800,,,,,,,,,,
2026-06-06 02:07:08 UTC,79,41bac526-b103-4a40-9142-dcef21e5da72,Jaylen,Warren,PIT,RB,68edc017-58cd-470d-a1b3-268fcd2f3a54,01732e46-351b-4715-be3c-92f480ce2661,,12,,The Frenchie 5,97e0d089-6357-4fe3-9875-49e1d99ca74a,2.0,50000.0,28200,,,,,,,,,,
2026-06-06 02:03:45 UTC,55,dc3bcebb-9e77-437c-9f51-57548947a981,D'Andre,Swift,CHI,RB,68edc017-58cd-470d-a1b3-268fcd2f3a54,01732e46-351b-4715-be3c-92f480ce2661,,12,,The Frenchie 5,97e0d089-6357-4fe3-9875-49e1d99ca74a,2.0,50000.0,28200,,,,,,,,,,
2026-06-30 21:08:42 UTC,38,01714e65-49e3-4185-8e4a-6a7ae051d5bf,Josh,Jacobs,GB,RB,97fa549a-2fd2-4ebe-9071-2c48cb9d9cae,bc7a1cd8-4613-48dd-97ec-1400b5bbb6a2,,12,,The Little Dalmatian,9be71122-4880-4cb8-afa7-f508779bd554,1.0,100000.0,112800,,,,,,,,,,
2026-04-27 21:04:34 UTC,121,a84c94e2-eaef-4db4-b83d-08c6c6156581,Khalil,Shakir,BUF,WR,5b5fddd4-161a-4958-b2ff-9f9570d277ed,4ea19481-bcf6-4061-8709-1011a29e59d3,,12,,Best Ball Mania VII,deb0e69e-d357-4f7e-affa-2d5b8a726da8,25.0,15000000.0,672336,,,,,,,,,,
2026-05-19 02:02:34 UTC,214,ae3a35f7-dd56-4915-9dd6-d4b94c9e3b2e,Najee,Harris,,RB,467c48a4-416e-4110-b26c-ed87c22e5507,49229e31-9a86-4620-ad69-c8f88405d26a,,12,,The Frenchie 3,f862a116-a69f-4db7-aeaf-29155b579be7,10.0,50000.0,5616,,,,,,,,,,
2026-06-26 22:20:26 UTC,101,a7519d55-5b58-4b16-a1ca-dce4c21ab284,Kyle,Monangai,CHI,RB,e4521940-bfbc-4096-b0ee-f6e05d2b348f,3219288e-9a5c-4032-865d-90e021bdc5e0,,12,,The Poodle,74fc3940-bde1-4dbc-aeb1-36e3fc49c70d,7.0,350000.0,55800,,,,,,,,,,
2026-06-13 20:46:51 UTC,195,ef187a90-1a0c-46af-9775-ebaa0fbbc6d1,Pat,Freiermuth,PIT,TE,dcdd70a5-307a-4539-b829-043852012e3a,3dc1001a-cb14-474f-9984-4c08fd16ab4c,,12,,The Frenchie 6,fb385198-3437-4c2e-aa39-efca53e73c60,8.0,50000.0,7020,,,,,,,,,,
2026-07-01 20:14:58 UTC,57,719db736-34b5-4990-ae8a-86d851f9eb37,Quinshon,Judkins,CLE,RB,c24b3ba9-8cc2-464c-9e9d-b41415df5fde,12a32a52-1277-49f1-9dc6-46016e4d9ce4,,12,,Best Ball Mania VII,deb0e69e-d357-4f7e-affa-2d5b8a726da8,25.0,15000000.0,672336,,,,,,,,,,
2026-06-05 22:08:56 UTC,14,9f4b0912-cb1e-4d16-b82b-45b05b012839,Ashton,Jeanty,LV,RB,fc0705d2-2946-4467-b5bf-e615c597292f,b9906f44-456a-4789-840b-677404101d5e,,12,,The Puppy 2,e9f88543-f815-4db2-a076-1271fb35160c,5.0,1000000.0,225000,,,,,,,,,,
2026-07-05 01:02:29 UTC,58,6e351f30-740b-4649-b1c3-28b52f7ee0a4,Bhayshul,Tuten,JAX,RB,82e46a8e-10dd-4fbf-9050-6575e10ab2fa,d87d5697-e8bf-4893-821b-c60562656d17,,12,,The Chihuahua,9482f23f-3368-461d-83bd-7c706ffba069,4.0,250000.0,70308,,,,,,,,,,
2026-06-30 16:25:13 UTC,117,eb7d78fd-a58f-49f4-a5c6-6e75cf6903c0,Aaron,Jones,MIN,RB,99e0a524-535d-4697-a0ec-96f672de3dab,04c3c42f-a536-438c-811d-9a168f4304dd,,12,,The Little Dalmatian,9be71122-4880-4cb8-afa7-f508779bd554,1.0,100000.0,112800,,,,,,,,,,
2026-06-30 16:16:45 UTC,28,41e96471-3191-4cbd-966d-e240e1b3deeb,DeVonta,Smith,PHI,WR,99e0a524-535d-4697-a0ec-96f672de3dab,04c3c42f-a536-438c-811d-9a168f4304dd,,12,,The Little Dalmatian,9be71122-4880-4cb8-afa7-f508779bd554,1.0,100000.0,112800,,,,,,,,,,
2026-06-14 15:35:11 UTC,112,897642f1-74d8-4cf7-8a33-7fbcbd48d248,Bo,Nix,DEN,QB,bb3d8ce0-a6dd-4b4c-a4e6-8ea1144bec7f,9a9db9d5-48f5-464f-b1f7-a11c4d42469c,,12,,The Pointer,263f68e0-a243-46a0-95f3-da997f476b2f,11.0,200000.0,20304,,,,,,,,,,
2026-07-01 23:55:38 UTC,47,4b14baf1-115c-4fde-b12b-fa3ec53ab612,David,Montgomery,HOU,RB,7c04b4d7-0b19-4507-8e9f-913f0bc64b6d,573a5e56-73ca-4979-a46a-28d1fb2a8869,,12,,Best Ball Mania VII,deb0e69e-d357-4f7e-affa-2d5b8a726da8,25.0,15000000.0,672336,,,,,,,,,,
2026-05-01 20:42:01 UTC,190,8b12012c-b9e9-40d8-bb16-f4d696bb150f,Gunnar,Helm,TEN,TE,c58bea11-09c9-4e5b-9d82-a2cdc152f383,f71057b8-1a09-4540-89d1-8a9011707c98,,12,,The Frenchie,4a7aa4af-c383-450f-b99b-373cfca8983b,15.0,50000.0,3720,,,,,,,,,,
2026-06-16 18:29:07 UTC,158,7d7766b7-6c5c-4a3f-9d89-adda8940df3d,Deebo,Samuel,,WR,fc0705d2-2946-4467-b5bf-e615c597292f,b9906f44-456a-4789-840b-677404101d5e,,12,,The Puppy 2,e9f88543-f815-4db2-a076-1271fb35160c,5.0,1000000.0,225000,,,,,,,,,,
2026-06-16 04:56:55 UTC,123,b079ce97-bdb3-4e94-b739-e7ba71472c39,Jordan,Mason,MIN,RB,c86fdc40-9150-425e-8b6d-3fa9413a3d63,58ba5202-112d-4b45-9e12-c64d3018c462,,12,,The Puppy 2,e9f88543-f815-4db2-a076-1271fb35160c,5.0,1000000.0,225000,,,,,,,,,,
2026-06-05 01:04:08 UTC,3,e05bf051-69f3-4483-8ce3-20b365a19cac,Ja'Marr,Chase,CIN,WR,c86fdc40-9150-425e-8b6d-3fa9413a3d63,58ba5202-112d-4b45-9e12-c64d3018c462,,12,,The Puppy 2,e9f88543-f815-4db2-a076-1271fb35160c,5.0,1000000.0,225000,,,,,,,,,,
2026-06-14 15:00:03 UTC,196,5df1a513-165c-4a68-8430-397522553e27,Dontayvion,Wicks,PHI,WR,d62515b7-92c9-48d2-a17c-d25afa00d06a,1b2b5ae3-9bd6-4fe7-87c1-b23f09c7dd5f,,12,,The Puppy,b42dca9a-7a0c-4c32-963d-a0ddfe179e0a,5.0,1000000.0,225000,,,,,,,,,,
2026-06-13 19:39:49 UTC,23,9eafc1c1-9dcf-40c6-a66c-10a04e720600,Derrick,Henry,BAL,RB,beeb1ab6-ef30-43a7-8d66-3bd7ad90167b,9db2dfa3-a3a0-488f-b7fd-d54e71621df8,,12,,The Frenchie 6,fb385198-3437-4c2e-aa39-efca53e73c60,8.0,50000.0,7020,,,,,,,,,,
2026-06-30 21:07:35 UTC,26,1f6e0b0d-f18a-41cd-8df6-18d49ef463c1,Rashee,Rice,KC,WR,a2685405-d4d0-4a4f-ba7a-82a3af77d83b,3c44495f-eda8-4def-9afd-03357d5d4972,,12,,The Little Dalmatian,9be71122-4880-4cb8-afa7-f508779bd554,1.0,100000.0,112800,,,,,,,,,,
2026-06-13 17:56:03 UTC,104,77e88416-ec46-49cf-9997-ee83acddb499,Harold,Fannin,CLE,TE,c8e9011c-e455-444e-ac54-5ea37d5e5ba0,d16119ee-7d13-4d22-95ae-16c787190abf,,12,,The Frenchie 6,fb385198-3437-4c2e-aa39-efca53e73c60,8.0,50000.0,7020,,,,,,,,,,
2026-05-19 01:31:39 UTC,22,1f6e0b0d-f18a-41cd-8df6-18d49ef463c1,Rashee,Rice,KC,WR,467c48a4-416e-4110-b26c-ed87c22e5507,49229e31-9a86-4620-ad69-c8f88405d26a,,12,,The Frenchie 3,f862a116-a69f-4db7-aeaf-29155b579be7,10.0,50000.0,5616,,,,,,,,,,
2026-04-28 02:08:42 UTC,200,4f3c5505-9940-4dfc-bc57-603892bccb40,Germie,Bernard,PIT,WR,9c64b40e-bbeb-4351-a440-aab775bdd166,e1bd5b1d-1339-4425-962f-37bc39dc3ebf,,12,,The Puppy,b42dca9a-7a0c-4c32-963d-a0ddfe179e0a,5.0,1000000.0,225000,,,,,,,,,,
2026-06-30 21:11:49 UTC,7,ad8c9f6a-fee3-4edf-95a9-83208575555e,Jaxon,Smith-Njigba,SEA,WR,aa9014c1-bc8e-48b8-bc90-f528f4f2813f,c3114e6d-dc2c-4910-be08-0943e5f89ccd,,12,,The Little Dalmatian,9be71122-4880-4cb8-afa7-f508779bd554,1.0,100000.0,112800,,,,,,,,,,
2026-05-07 00:36:41 UTC,189,de7bde14-cf9f-4b06-98f4-8c52c41bf649,David,Njoku,LAC,TE,b22a71c9-dafa-420d-bc8f-9307f6f5704d,a23b9a93-c543-453f-8918-6d02c64df95c,,12,,The Mini Golden,49d2b4fe-fb5c-42a4-bc6a-e9b18547535a,2.0,20000.0,11280,,,,,,,,,,
2026-07-01 23:43:58 UTC,213,bcf68759-6db5-45da-b6d9-859dc7a3ba4e,Darnell,Mooney,NYG,WR,157c0aa8-6803-4802-b214-b18a55085899,1ba62fc7-d34e-4c81-8987-feef98922bb2,,12,,Best Ball Mania VII,deb0e69e-d357-4f7e-affa-2d5b8a726da8,25.0,15000000.0,672336,,,,,,,,,,
2026-06-27 02:01:51 UTC,59,6e351f30-740b-4649-b1c3-28b52f7ee0a4,Bhayshul,Tuten,JAX,RB,a86c4493-d380-49ad-9e7f-2c97dd59ecc0,001a694a-1bd0-46e8-8234-beef750e259b,,12,,The Frenchie 7,b67b7b55-004c-4cee-9c2d-c223e6eea3f9,20.0,50000.0,2808,,,,,,,,,,
2026-06-14 21:28:59 UTC,115,b44b6d29-a02e-48ae-9b60-1f2202464ba9,Jonathon,Brooks,CAR,RB,cc96bec4-e99d-45c3-bc46-63b89879cc0c,6844d736-d85b-41bf-9d57-b826e34fe2e7,,12,,The Pointer,263f68e0-a243-46a0-95f3-da997f476b2f,11.0,200000.0,20304,,,,,,,,,,
2026-06-14 15:37:34 UTC,129,a84c94e2-eaef-4db4-b83d-08c6c6156581,Khalil,Shakir,BUF,WR,bb3d8ce0-a6dd-4b4c-a4e6-8ea1144bec7f,9a9db9d5-48f5-464f-b1f7-a11c4d42469c,,12,,The Pointer,263f68e0-a243-46a0-95f3-da997f476b2f,11.0,200000.0,20304,,,,,,,,,,
2026-05-24 21:50:39 UTC,208,d580ee61-2ae9-4765-8065-85a4dc403af3,Mike,Gesicki,CIN,TE,ec7f936c-3415-459d-88b6-29a4b4d7ecc8,4e00a9b7-5c72-4a4d-ba72-139da9a8e46c,,12,,The Pit Bull,f6f05181-3ff0-49e8-888e-b1cb18eb63a1,20.0,500000.0,28080,,,,,,,,,,
2026-06-18 01:10:38 UTC,205,5df1a513-165c-4a68-8430-397522553e27,Dontayvion,Wicks,PHI,WR,5f3635e6-00c0-4e05-8061-2f120307809c,c67f0a85-75e3-4ed8-90ed-9652d1d31f0f,,12,,The Puppy 2,e9f88543-f815-4db2-a076-1271fb35160c,5.0,1000000.0,225000,,,,,,,,,,
2026-07-02 00:22:05 UTC,191,ef187a90-1a0c-46af-9775-ebaa0fbbc6d1,Pat,Freiermuth,PIT,TE,7c04b4d7-0b19-4507-8e9f-913f0bc64b6d,573a5e56-73ca-4979-a46a-28d1fb2a8869,,12,,Best Ball Mania VII,deb0e69e-d357-4f7e-affa-2d5b8a726da8,25.0,15000000.0,672336,,,,,,,,,,
2026-05-24 21:30:48 UTC,81,41bac526-b103-4a40-9142-dcef21e5da72,Jaylen,Warren,PIT,RB,ec7f936c-3415-459d-88b6-29a4b4d7ecc8,4e00a9b7-5c72-4a4d-ba72-139da9a8e46c,,12,,The Pit Bull,f6f05181-3ff0-49e8-888e-b1cb18eb63a1,20.0,500000.0,28080,,,,,,,,,,
2026-07-05 01:18:17 UTC,154,5d942e20-efde-4e9b-b4be-8112da68037a,Denzel,Boston,CLE,WR,82e46a8e-10dd-4fbf-9050-6575e10ab2fa,d87d5697-e8bf-4893-821b-c60562656d17,,12,,The Chihuahua,9482f23f-3368-461d-83bd-7c706ffba069,4.0,250000.0,70308,,,,,,,,,,
2026-04-28 01:48:41 UTC,80,017da9b8-968f-4baa-858f-d8bbf32373ee,Rhamondre,Stevenson,NE,RB,9c64b40e-bbeb-4351-a440-aab775bdd166,e1bd5b1d-1339-4425-962f-37bc39dc3ebf,,12,,The Puppy,b42dca9a-7a0c-4c32-963d-a0ddfe179e0a,5.0,1000000.0,225000,,,,,,,,,,
2026-05-25 15:58:09 UTC,28,01714e65-49e3-4185-8e4a-6a7ae051d5bf,Josh,Jacobs,GB,RB,d62515b7-92c9-48d2-a17c-d25afa00d06a,1b2b5ae3-9bd6-4fe7-87c1-b23f09c7dd5f,,12,,The Puppy,b42dca9a-7a0c-4c32-963d-a0ddfe179e0a,5.0,1000000.0,225000,,,,,,,,,,
2026-07-04 22:37:11 UTC,32,64d36d44-e477-496c-8250-80bc47e1d6d6,Travis,Etienne Jr.,NO,RB,c1f4fd53-680b-4da0-8624-96a3d6475642,e34f2394-2e6e-429f-941b-961e2e8db3fa,,12,,The Chihuahua,9482f23f-3368-461d-83bd-7c706ffba069,4.0,250000.0,70308,,,,,,,,,,
2026-06-06 02:11:03 UTC,103,8a17ba41-08bf-455e-852c-e5f9776021af,Patrick,Mahomes,KC,QB,68edc017-58cd-470d-a1b3-268fcd2f3a54,01732e46-351b-4715-be3c-92f480ce2661,,12,,The Frenchie 5,97e0d089-6357-4fe3-9875-49e1d99ca74a,2.0,50000.0,28200,,,,,,,,,,
2026-06-30 21:27:40 UTC,167,77b3cf07-cf9b-4068-832f-4f787e7e7259,De'Zhaun,Stribling,SF,WR,a2685405-d4d0-4a4f-ba7a-82a3af77d83b,3c44495f-eda8-4def-9afd-03357d5d4972,,12,,The Little Dalmatian,9be71122-4880-4cb8-afa7-f508779bd554,1.0,100000.0,112800,,,,,,,,,,
2026-05-27 16:25:24 UTC,52,4b14baf1-115c-4fde-b12b-fa3ec53ab612,David,Montgomery,HOU,RB,d62515b7-92c9-48d2-a17c-d25afa00d06a,1b2b5ae3-9bd6-4fe7-87c1-b23f09c7dd5f,,12,,The Puppy,b42dca9a-7a0c-4c32-963d-a0ddfe179e0a,5.0,1000000.0,225000,,,,,,,,,,
2026-05-19 01:47:37 UTC,123,d18a8c9c-dc6a-4ed2-af27-a631c40f0cb2,Jacory,Croskey-Merritt,WAS,RB,467c48a4-416e-4110-b26c-ed87c22e5507,49229e31-9a86-4620-ad69-c8f88405d26a,,12,,The Frenchie 3,f862a116-a69f-4db7-aeaf-29155b579be7,10.0,50000.0,5616,,,,,,,,,,
2026-05-29 20:21:23 UTC,122,a84c94e2-eaef-4db4-b83d-08c6c6156581,Khalil,Shakir,BUF,WR,51a296f1-cf02-4089-88ef-2ff01a76fc00,81b48250-81c0-4439-b0d4-cb131868bdb0,,12,,The Pomeranian,dc6e77f6-581c-45a7-9bcf-0932e628037e,3.0,300000.0,112800,,,,,,,,,,
2026-04-28 02:06:23 UTC,185,d53f8a01-f0d6-441b-b85a-d69b2095642d,Tre',Harris,LAC,WR,9c64b40e-bbeb-4351-a440-aab775bdd166,e1bd5b1d-1339-4425-962f-37bc39dc3ebf,,12,,The Puppy,b42dca9a-7a0c-4c32-963d-a0ddfe179e0a,5.0,1000000.0,225000,,,,,,,,,,
2026-06-14 15:44:00 UTC,177,4f3c5505-9940-4dfc-bc57-603892bccb40,Germie,Bernard,PIT,WR,bb3d8ce0-a6dd-4b4c-a4e6-8ea1144bec7f,9a9db9d5-48f5-464f-b1f7-a11c4d42469c,,12,,The Pointer,263f68e0-a243-46a0-95f3-da997f476b2f,11.0,200000.0,20304,,,,,,,,,,
2026-05-01 20:34:53 UTC,142,e08333f4-72da-4d6b-8a4a-7258093eda3c,C.J.,Stroud,HOU,QB,c58bea11-09c9-4e5b-9d82-a2cdc152f383,f71057b8-1a09-4540-89d1-8a9011707c98,,12,,The Frenchie,4a7aa4af-c383-450f-b99b-373cfca8983b,15.0,50000.0,3720,,,,,,,,,,
2026-06-27 19:10:07 UTC,137,9b6b5dd5-bcdf-4155-aa42-9b6c948e851e,Omar,Cooper,NYJ,WR,e729fd0a-84da-4388-9a97-f005c119292c,62779072-7688-4f57-82f0-ac631dab5f4d,,12,,The Poodle,74fc3940-bde1-4dbc-aeb1-36e3fc49c70d,7.0,350000.0,55800,,,,,,,,,,
2026-06-27 01:19:10 UTC,45,667ca3ed-1519-414d-83e0-30bf2dc21162,Luther,Burden,CHI,WR,8d9fd882-6280-4862-8289-8c81f97a29fb,86373a61-b505-441e-84a2-fe9879aabb06,,12,,The Poodle,74fc3940-bde1-4dbc-aeb1-36e3fc49c70d,7.0,350000.0,55800,,,,,,,,,,
2026-04-30 00:33:21 UTC,47,fdd6ca8b-286d-4eb3-86e0-d2f970f6fa9c,Jaylen,Waddle,DEN,WR,cc7dd979-a980-4510-9e69-8c31e7fbd3fc,1eb32a63-95bc-45ab-b4e3-62a51b6d46dd,,12,,The Puppy,b42dca9a-7a0c-4c32-963d-a0ddfe179e0a,5.0,1000000.0,225000,,,,,,,,,,
2026-06-14 21:24:24 UTC,91,8a17ba41-08bf-455e-852c-e5f9776021af,Patrick,Mahomes,KC,QB,cc96bec4-e99d-45c3-bc46-63b89879cc0c,6844d736-d85b-41bf-9d57-b826e34fe2e7,,12,,The Pointer,263f68e0-a243-46a0-95f3-da997f476b2f,11.0,200000.0,20304,,,,,,,,,,
2026-06-27 16:30:33 UTC,124,2a053c32-61bf-40b3-95b7-3ab291a52d72,Baker,Mayfield,TB,QB,0127974d-50ed-49b5-926f-053b77094d4b,ea7c3697-aac3-4ac7-9928-cb003003c914,,12,,The Poodle,74fc3940-bde1-4dbc-aeb1-36e3fc49c70d,7.0,350000.0,55800,,,,,,,,,,
2026-05-30 19:02:25 UTC,143,9b6b5dd5-bcdf-4155-aa42-9b6c948e851e,Omar,Cooper,NYJ,WR,ba81aa92-671b-4c44-bdb4-e62f3cd70227,66b74861-8269-43d6-a4ba-37da26d1fa55,,12,,The Frenchie 4,29e5e908-c1d9-44d9-87e7-7873093259d4,30.0,50000.0,1872,,,,,,,,,,
2026-05-01 20:25:18 UTC,75,11818a85-2fd9-4efd-aba2-bb18fc46a486,Makai,Lemon,PHI,WR,c58bea11-09c9-4e5b-9d82-a2cdc152f383,f71057b8-1a09-4540-89d1-8a9011707c98,,12,,The Frenchie,4a7aa4af-c383-450f-b99b-373cfca8983b,15.0,50000.0,3720,,,,,,,,,,
2026-06-13 20:31:20 UTC,99,609c7ac6-7a6a-49e2-bc37-6ad755dc8513,Xavier,Worthy,KC,WR,dcdd70a5-307a-4539-b829-043852012e3a,3dc1001a-cb14-474f-9984-4c08fd16ab4c,,12,,The Frenchie 6,fb385198-3437-4c2e-aa39-efca53e73c60,8.0,50000.0,7020,,,,,,,,,,
2026-06-14 21:34:49 UTC,150,a59c3f47-ac4f-4bbc-8ea0-4b0afe04b9dc,Kenyon,Sadiq,NYJ,TE,cc96bec4-e99d-45c3-bc46-63b89879cc0c,6844d736-d85b-41bf-9d57-b826e34fe2e7,,12,,The Pointer,263f68e0-a243-46a0-95f3-da997f476b2f,11.0,200000.0,20304,,,,,,,,,,
2026-07-05 01:25:09 UTC,202,ae5ffec8-ddb5-44de-bfbe-0ac08be1c2ae,Ted,Hurst,TB,WR,82e46a8e-10dd-4fbf-9050-6575e10ab2fa,d87d5697-e8bf-4893-821b-c60562656d17,,12,,The Chihuahua,9482f23f-3368-461d-83bd-7c706ffba069,4.0,250000.0,70308,,,,,,,,,,
2026-06-28 03:17:04 UTC,152,9f843748-952c-4e26-b336-d35a73a18c2e,Chig,Okonkwo,WAS,TE,3f662d0c-53c7-4824-af8a-337f6aa31cdb,94203baa-4cc4-4381-a4ec-d3dcbd449244,,12,,The Poodle,74fc3940-bde1-4dbc-aeb1-36e3fc49c70d,7.0,350000.0,55800,,,,,,,,,,
2026-06-06 02:18:10 UTC,151,e7734d2c-72f2-49da-91b8-6d09036794be,Oronde,Gadsden,LAC,TE,68edc017-58cd-470d-a1b3-268fcd2f3a54,01732e46-351b-4715-be3c-92f480ce2661,,12,,The Frenchie 5,97e0d089-6357-4fe3-9875-49e1d99ca74a,2.0,50000.0,28200,,,,,,,,,,
2026-06-16 01:30:50 UTC,112,2c318b1c-13a5-4722-a649-8d9c35a8f50e,Kyler,Murray,MIN,QB,e84e4778-2727-470c-b770-a62814de28f9,81bb0394-19b2-43be-83fa-fafb44b09808,,12,,The Pointer,263f68e0-a243-46a0-95f3-da997f476b2f,11.0,200000.0,20304,,,,,,,,,,
2026-06-30 21:23:08 UTC,90,8abc1bed-0838-40ba-8959-45444bf778a5,RJ,Harvey,DEN,RB,aa9014c1-bc8e-48b8-bc90-f528f4f2813f,c3114e6d-dc2c-4910-be08-0943e5f89ccd,,12,,The Little Dalmatian,9be71122-4880-4cb8-afa7-f508779bd554,1.0,100000.0,112800,,,,,,,,,,
2026-05-07 00:40:46 UTC,213,ae5ffec8-ddb5-44de-bfbe-0ac08be1c2ae,Ted,Hurst,TB,WR,b22a71c9-dafa-420d-bc8f-9307f6f5704d,a23b9a93-c543-453f-8918-6d02c64df95c,,12,,The Mini Golden,49d2b4fe-fb5c-42a4-bc6a-e9b18547535a,2.0,20000.0,11280,,,,,,,,,,
2026-06-04 20:09:40 UTC,124,b079ce97-bdb3-4e94-b739-e7ba71472c39,Jordan,Mason,MIN,RB,d62515b7-92c9-48d2-a17c-d25afa00d06a,1b2b5ae3-9bd6-4fe7-87c1-b23f09c7dd5f,,12,,The Puppy,b42dca9a-7a0c-4c32-963d-a0ddfe179e0a,5.0,1000000.0,225000,,,,,,,,,,
2026-05-01 20:31:01 UTC,118,d18a8c9c-dc6a-4ed2-af27-a631c40f0cb2,Jacory,Croskey-Merritt,WAS,RB,c58bea11-09c9-4e5b-9d82-a2cdc152f383,f71057b8-1a09-4540-89d1-8a9011707c98,,12,,The Frenchie,4a7aa4af-c383-450f-b99b-373cfca8983b,15.0,50000.0,3720,,,,,,,,,,
2026-07-01 23:36:05 UTC,172,e351f43e-e09b-4509-be8b-9bfa83d46ad7,Ryan,Flournoy,DAL,WR,157c0aa8-6803-4802-b214-b18a55085899,1ba62fc7-d34e-4c81-8987-feef98922bb2,,12,,Best Ball Mania VII,deb0e69e-d357-4f7e-affa-2d5b8a726da8,25.0,15000000.0,672336,,,,,,,,,,
2026-07-01 20:30:12 UTC,153,5d942e20-efde-4e9b-b4be-8112da68037a,Denzel,Boston,CLE,WR,c24b3ba9-8cc2-464c-9e9d-b41415df5fde,12a32a52-1277-49f1-9dc6-46016e4d9ce4,,12,,Best Ball Mania VII,deb0e69e-d357-4f7e-affa-2d5b8a726da8,25.0,15000000.0,672336,,,,,,,,,,
2026-07-04 22:40:54 UTC,56,42a418b0-461c-4841-9c74-8f4a3547239c,Christian,Watson,GB,WR,c1f4fd53-680b-4da0-8624-96a3d6475642,e34f2394-2e6e-429f-941b-961e2e8db3fa,,12,,The Chihuahua,9482f23f-3368-461d-83bd-7c706ffba069,4.0,250000.0,70308,,,,,,,,,,
2026-06-05 19:21:58 UTC,11,60d2284c-5727-4476-8eaa-fa734e0d9f01,James,Cook,BUF,RB,fc0705d2-2946-4467-b5bf-e615c597292f,b9906f44-456a-4789-840b-677404101d5e,,12,,The Puppy 2,e9f88543-f815-4db2-a076-1271fb35160c,5.0,1000000.0,225000,,,,,,,,,,
2026-06-26 22:14:52 UTC,68,e1bb7729-b87e-4abc-9743-f469d20839bd,Drake,Maye,NE,QB,e4521940-bfbc-4096-b0ee-f6e05d2b348f,3219288e-9a5c-4032-865d-90e021bdc5e0,,12,,The Poodle,74fc3940-bde1-4dbc-aeb1-36e3fc49c70d,7.0,350000.0,55800,,,,,,,,,,
2026-05-29 20:05:08 UTC,23,1cc09dd6-2918-4379-b17a-562dc04857c5,Jeremiyah,Love,ARI,RB,51a296f1-cf02-4089-88ef-2ff01a76fc00,81b48250-81c0-4439-b0d4-cb131868bdb0,,12,,The Pomeranian,dc6e77f6-581c-45a7-9bcf-0932e628037e,3.0,300000.0,112800,,,,,,,,,,
2026-06-16 02:14:22 UTC,74,d407419c-8b2a-4590-b343-2f813554d6e0,Marvin,Harrison,ARI,WR,8bc1b5b9-1778-4802-9b94-52d59f8f0cb2,101f183f-2a0c-471e-b987-d67e723dbad8,,12,,The Puppy 2,e9f88543-f815-4db2-a076-1271fb35160c,5.0,1000000.0,225000,,,,,,,,,,
2026-06-30 21:10:49 UTC,50,3e1631ff-095d-431f-9df2-e30c87ace2b0,Jameson,Williams,DET,WR,a2685405-d4d0-4a4f-ba7a-82a3af77d83b,3c44495f-eda8-4def-9afd-03357d5d4972,,12,,The Little Dalmatian,9be71122-4880-4cb8-afa7-f508779bd554,1.0,100000.0,112800,,,,,,,,,,
2026-07-01 20:18:53 UTC,81,4aed4cc8-9362-4dd7-a829-1b2d891c445a,Alec,Pierce,IND,WR,c24b3ba9-8cc2-464c-9e9d-b41415df5fde,12a32a52-1277-49f1-9dc6-46016e4d9ce4,,12,,Best Ball Mania VII,deb0e69e-d357-4f7e-affa-2d5b8a726da8,25.0,15000000.0,672336,,,,,,,,,,
2026-06-30 21:28:04 UTC,170,6b6c0fe5-926b-4c07-869e-932beca840ba,Adonai,Mitchell,NYJ,WR,a2685405-d4d0-4a4f-ba7a-82a3af77d83b,3c44495f-eda8-4def-9afd-03357d5d4972,,12,,The Little Dalmatian,9be71122-4880-4cb8-afa7-f508779bd554,1.0,100000.0,112800,,,,,,,,,,
2026-06-14 15:00:13 UTC,99,9b619115-cbc1-481f-869a-afb01b859710,Jaxson,Dart,NYG,QB,c86fdc40-9150-425e-8b6d-3fa9413a3d63,58ba5202-112d-4b45-9e12-c64d3018c462,,12,,The Puppy 2,e9f88543-f815-4db2-a076-1271fb35160c,5.0,1000000.0,225000,,,,,,,,,,
2026-05-05 01:41:56 UTC,12,9f4b0912-cb1e-4d16-b82b-45b05b012839,Ashton,Jeanty,LV,RB,c6677334-70a3-4b26-93e8-2bfab3fa84c7,5f2705a4-4a76-4ffe-a8e9-bd0b0b067b35,,12,,The Dachshund,1f35c88b-e5c4-4b8c-b42a-db74f55d7a18,8.0,200000.0,28080,,,,,,,,,,
2026-07-05 01:25:47 UTC,207,a494d7c8-4c78-4055-9609-5ca71960b260,Darnell,Washington,PIT,TE,82e46a8e-10dd-4fbf-9050-6575e10ab2fa,d87d5697-e8bf-4893-821b-c60562656d17,,12,,The Chihuahua,9482f23f-3368-461d-83bd-7c706ffba069,4.0,250000.0,70308,,,,,,,,,,
2026-06-27 01:26:54 UTC,100,b44b6d29-a02e-48ae-9b60-1f2202464ba9,Jonathon,Brooks,CAR,RB,8d9fd882-6280-4862-8289-8c81f97a29fb,86373a61-b505-441e-84a2-fe9879aabb06,,12,,The Poodle,74fc3940-bde1-4dbc-aeb1-36e3fc49c70d,7.0,350000.0,55800,,,,,,,,,,
2026-06-13 20:21:54 UTC,51,4b14baf1-115c-4fde-b12b-fa3ec53ab612,David,Montgomery,HOU,RB,dcdd70a5-307a-4539-b829-043852012e3a,3dc1001a-cb14-474f-9984-4c08fd16ab4c,,12,,The Frenchie 6,fb385198-3437-4c2e-aa39-efca53e73c60,8.0,50000.0,7020,,,,,,,,,,
2026-05-24 21:42:49 UTC,160,92537de5-d0be-45ec-b8ad-bf0ee3ddce60,Jalen,McMillan,TB,WR,ec7f936c-3415-459d-88b6-29a4b4d7ecc8,4e00a9b7-5c72-4a4d-ba72-139da9a8e46c,,12,,The Pit Bull,f6f05181-3ff0-49e8-888e-b1cb18eb63a1,20.0,500000.0,28080,,,,,,,,,,
2026-06-16 02:21:16 UTC,122,2a053c32-61bf-40b3-95b7-3ab291a52d72,Baker,Mayfield,TB,QB,8bc1b5b9-1778-4802-9b94-52d59f8f0cb2,101f183f-2a0c-471e-b987-d67e723dbad8,,12,,The Puppy 2,e9f88543-f815-4db2-a076-1271fb35160c,5.0,1000000.0,225000,,,,,,,,,,
2026-05-01 20:24:39 UTC,70,ac9035c0-d09b-4223-8db3-76c7994fd11a,Brian,Thomas,JAX,WR,c58bea11-09c9-4e5b-9d82-a2cdc152f383,f71057b8-1a09-4540-89d1-8a9011707c98,,12,,The Frenchie,4a7aa4af-c383-450f-b99b-373cfca8983b,15.0,50000.0,3720,,,,,,,,,,
2026-06-21 21:31:00 UTC,190,6b6c0fe5-926b-4c07-869e-932beca840ba,Adonai,Mitchell,NYJ,WR,c86fdc40-9150-425e-8b6d-3fa9413a3d63,58ba5202-112d-4b45-9e12-c64d3018c462,,12,,The Puppy 2,e9f88543-f815-4db2-a076-1271fb35160c,5.0,1000000.0,225000,,,,,,,,,,
2026-05-07 00:37:32 UTC,196,3a013faa-4c46-49e8-bc5d-54d3a9803c1e,Sean,Tucker,TB,RB,b22a71c9-dafa-420d-bc8f-9307f6f5704d,a23b9a93-c543-453f-8918-6d02c64df95c,,12,,The Mini Golden,49d2b4fe-fb5c-42a4-bc6a-e9b18547535a,2.0,20000.0,11280,,,,,,,,,,
2026-06-30 21:14:07 UTC,74,7c4c6c1d-bce9-45e7-9578-1eb5b4ace271,Tyler,Warren,IND,TE,a2685405-d4d0-4a4f-ba7a-82a3af77d83b,3c44495f-eda8-4def-9afd-03357d5d4972,,12,,The Little Dalmatian,9be71122-4880-4cb8-afa7-f508779bd554,1.0,100000.0,112800,,,,,,,,,,
2026-07-05 01:19:00 UTC,159,5387ce75-723a-46f8-a393-b0bd2207291c,Tre,Tucker,LV,WR,82e46a8e-10dd-4fbf-9050-6575e10ab2fa,d87d5697-e8bf-4893-821b-c60562656d17,,12,,The Chihuahua,9482f23f-3368-461d-83bd-7c706ffba069,4.0,250000.0,70308,,,,,,,,,,
2026-06-13 19:52:13 UTC,98,609c7ac6-7a6a-49e2-bc37-6ad755dc8513,Xavier,Worthy,KC,WR,beeb1ab6-ef30-43a7-8d66-3bd7ad90167b,9db2dfa3-a3a0-488f-b7fd-d54e71621df8,,12,,The Frenchie 6,fb385198-3437-4c2e-aa39-efca53e73c60,8.0,50000.0,7020,,,,,,,,,,
2026-06-30 21:27:01 UTC,114,b1f2f8ae-4b05-4a35-b9fb-6f5a6853e2eb,Rachaad,White,WAS,RB,aa9014c1-bc8e-48b8-bc90-f528f4f2813f,c3114e6d-dc2c-4910-be08-0943e5f89ccd,,12,,The Little Dalmatian,9be71122-4880-4cb8-afa7-f508779bd554,1.0,100000.0,112800,,,,,,,,,,
2026-06-30 21:07:00 UTC,23,1cc09dd6-2918-4379-b17a-562dc04857c5,Jeremiyah,Love,ARI,RB,8d6a404e-75d0-46e0-b160-95044ca05255,3a86e85d-490f-44a4-aa4b-6e22b69d33b6,,12,,The Little Dalmatian,9be71122-4880-4cb8-afa7-f508779bd554,1.0,100000.0,112800,,,,,,,,,,
2026-06-30 20:39:44 UTC,98,fbe947d5-246f-4e65-9c82-fe7480240b81,Blake,Corum,LAR,RB,c6b80e46-44d6-4446-8b92-04a69a71c79b,ef27d9db-d06c-4c32-a278-d7eebf99b27d,,12,,The Little Dalmatian,9be71122-4880-4cb8-afa7-f508779bd554,1.0,100000.0,112800,,,,,,,,,,
2026-06-30 16:29:36 UTC,172,db9d8880-ccab-480e-8fa3-d0e1c1fe0297,Aaron,Rodgers,PIT,QB,99e0a524-535d-4697-a0ec-96f672de3dab,04c3c42f-a536-438c-811d-9a168f4304dd,,12,,The Little Dalmatian,9be71122-4880-4cb8-afa7-f508779bd554,1.0,100000.0,112800,,,,,,,,,,
2026-06-30 16:27:30 UTC,148,9f843748-952c-4e26-b336-d35a73a18c2e,Chig,Okonkwo,WAS,TE,99e0a524-535d-4697-a0ec-96f672de3dab,04c3c42f-a536-438c-811d-9a168f4304dd,,12,,The Little Dalmatian,9be71122-4880-4cb8-afa7-f508779bd554,1.0,100000.0,112800,,,,,,,,,,
2026-06-01 19:52:41 UTC,99,2b64247d-26af-48b7-bcb9-20ae6c38caee,Trevor,Lawrence,JAX,QB,11652228-7947-40ec-b183-cd5cfd3e3eff,74b6cfcc-b259-47a5-b8ab-ca350ccb35d9,,12,,The Hound Dog,9f0acdc2-c088-4acb-beab-2c5399bf6d6a,6.0,100000.0,18600,,,,,,,,,,
2026-06-18 00:49:06 UTC,61,c7bcbb9b-7598-4810-982a-bfd189daf987,Jadarian,Price,SEA,RB,5f3635e6-00c0-4e05-8061-2f120307809c,c67f0a85-75e3-4ed8-90ed-9652d1d31f0f,,12,,The Puppy 2,e9f88543-f815-4db2-a076-1271fb35160c,5.0,1000000.0,225000,,,,,,,,,,
2026-06-27 19:12:25 UTC,152,05a6881d-5311-49a0-be02-83b85e831b2b,Tyjae,Spears,TEN,RB,e729fd0a-84da-4388-9a97-f005c119292c,62779072-7688-4f57-82f0-ac631dab5f4d,,12,,The Poodle,74fc3940-bde1-4dbc-aeb1-36e3fc49c70d,7.0,350000.0,55800,,,,,,,,,,
2026-06-13 18:10:32 UTC,200,4a119663-b322-43a7-bfd3-19662f4e21b2,Kimani,Vidal,LAC,RB,c8e9011c-e455-444e-ac54-5ea37d5e5ba0,d16119ee-7d13-4d22-95ae-16c787190abf,,12,,The Frenchie 6,fb385198-3437-4c2e-aa39-efca53e73c60,8.0,50000.0,7020,,,,,,,,,,
2026-06-30 20:46:05 UTC,146,aa36686a-7005-49d2-8db8-2ccbe6e483e0,Hunter,Henry,NE,TE,c6b80e46-44d6-4446-8b92-04a69a71c79b,ef27d9db-d06c-4c32-a278-d7eebf99b27d,,12,,The Little Dalmatian,9be71122-4880-4cb8-afa7-f508779bd554,1.0,100000.0,112800,,,,,,,,,,
2026-04-30 01:01:54 UTC,215,f79bdcc1-2e5a-4717-95aa-d3a71e70e5a5,Jake,Tonges,SF,TE,cc7dd979-a980-4510-9e69-8c31e7fbd3fc,1eb32a63-95bc-45ab-b4e3-62a51b6d46dd,,12,,The Puppy,b42dca9a-7a0c-4c32-963d-a0ddfe179e0a,5.0,1000000.0,225000,,,,,,,,,,
2026-06-01 20:11:17 UTC,214,9c0a23d8-b2c0-4b5f-b348-70cd1e1d6669,Chris,Brazzell,CAR,WR,11652228-7947-40ec-b183-cd5cfd3e3eff,74b6cfcc-b259-47a5-b8ab-ca350ccb35d9,,12,,The Hound Dog,9f0acdc2-c088-4acb-beab-2c5399bf6d6a,6.0,100000.0,18600,,,,,,,,,,
2026-06-30 20:51:02 UTC,195,625be843-9bf8-4602-9029-a88e52b084bd,Terrance,Ferguson,LAR,TE,fd0eb170-a9b3-46b3-9dc0-cdf7ca546f12,47c9f223-0f07-4f52-bb15-337d1c09cd61,,12,,The Little Dalmatian,9be71122-4880-4cb8-afa7-f508779bd554,1.0,100000.0,112800,,,,,,,,,,
2026-07-04 02:54:10 UTC,32,e75fdadf-f9d2-44d5-8f0b-2308f7b00ab0,Zay,Flowers,BAL,WR,41783140-10e9-431a-bd99-1d44fe5f3576,3eb75318-562b-43f3-8562-aff216ae2724,,12,,Best Ball Mania VII,deb0e69e-d357-4f7e-affa-2d5b8a726da8,25.0,15000000.0,672336,,,,,,,,,,
2026-06-12 12:56:34 UTC,107,897642f1-74d8-4cf7-8a33-7fbcbd48d248,Bo,Nix,DEN,QB,fc0705d2-2946-4467-b5bf-e615c597292f,b9906f44-456a-4789-840b-677404101d5e,,12,,The Puppy 2,e9f88543-f815-4db2-a076-1271fb35160c,5.0,1000000.0,225000,,,,,,,,,,
2026-06-30 16:25:45 UTC,124,d18a8c9c-dc6a-4ed2-af27-a631c40f0cb2,Jacory,Croskey-Merritt,WAS,RB,99e0a524-535d-4697-a0ec-96f672de3dab,04c3c42f-a536-438c-811d-9a168f4304dd,,12,,The Little Dalmatian,9be71122-4880-4cb8-afa7-f508779bd554,1.0,100000.0,112800,,,,,,,,,,
2026-05-05 01:51:49 UTC,85,8abc1bed-0838-40ba-8959-45444bf778a5,RJ,Harvey,DEN,RB,c6677334-70a3-4b26-93e8-2bfab3fa84c7,5f2705a4-4a76-4ffe-a8e9-bd0b0b067b35,,12,,The Dachshund,1f35c88b-e5c4-4b8c-b42a-db74f55d7a18,8.0,200000.0,28080,,,,,,,,,,
2026-07-01 23:05:42 UTC,4,cedb5dc7-eb8d-4928-bf85-aea13ee90967,Puka,Nacua,LAR,WR,157c0aa8-6803-4802-b214-b18a55085899,1ba62fc7-d34e-4c81-8987-feef98922bb2,,12,,Best Ball Mania VII,deb0e69e-d357-4f7e-affa-2d5b8a726da8,25.0,15000000.0,672336,,,,,,,,,,
2026-06-30 21:20:28 UTC,66,f5231907-10c2-4638-83c2-43ec8f3394c3,Joe,Burrow,CIN,QB,aa9014c1-bc8e-48b8-bc90-f528f4f2813f,c3114e6d-dc2c-4910-be08-0943e5f89ccd,,12,,The Little Dalmatian,9be71122-4880-4cb8-afa7-f508779bd554,1.0,100000.0,112800,,,,,,,,,,
2026-05-24 21:41:35 UTC,153,a59c3f47-ac4f-4bbc-8ea0-4b0afe04b9dc,Kenyon,Sadiq,NYJ,TE,ec7f936c-3415-459d-88b6-29a4b4d7ecc8,4e00a9b7-5c72-4a4d-ba72-139da9a8e46c,,12,,The Pit Bull,f6f05181-3ff0-49e8-888e-b1cb18eb63a1,20.0,500000.0,28080,,,,,,,,,,
2026-05-07 01:56:27 UTC,194,290c697a-95db-494a-9728-a1c3f90d4395,Eli,Stowers,PHI,TE,a114c157-0ef3-4303-a935-68360245eebd,e256afba-3e41-49ba-8206-af971735492f,,12,,The Mini Golden,49d2b4fe-fb5c-42a4-bc6a-e9b18547535a,2.0,20000.0,11280,,,,,,,,,,
2026-05-03 19:18:58 UTC,63,986f5827-6ed9-4992-9c64-df54cc33c2b2,Jayden,Daniels,WAS,QB,93578258-83c7-468f-8927-bf61b153d9a7,a0c6aea8-4750-4438-b561-9d5df2c0a1c0,,12,,The Puppy,b42dca9a-7a0c-4c32-963d-a0ddfe179e0a,5.0,1000000.0,225000,,,,,,,,,,
2026-05-07 00:18:10 UTC,69,ac9035c0-d09b-4223-8db3-76c7994fd11a,Brian,Thomas,JAX,WR,b22a71c9-dafa-420d-bc8f-9307f6f5704d,a23b9a93-c543-453f-8918-6d02c64df95c,,12,,The Mini Golden,49d2b4fe-fb5c-42a4-bc6a-e9b18547535a,2.0,20000.0,11280,,,,,,,,,,
2026-06-27 18:54:25 UTC,32,e75fdadf-f9d2-44d5-8f0b-2308f7b00ab0,Zay,Flowers,BAL,WR,e729fd0a-84da-4388-9a97-f005c119292c,62779072-7688-4f57-82f0-ac631dab5f4d,,12,,The Poodle,74fc3940-bde1-4dbc-aeb1-36e3fc49c70d,7.0,350000.0,55800,,,,,,,,,,
2026-06-16 02:29:00 UTC,170,da4bbb87-fe7f-4d65-9cbe-c3085d2cbfc1,Dylan,Sampson,CLE,RB,8bc1b5b9-1778-4802-9b94-52d59f8f0cb2,101f183f-2a0c-471e-b987-d67e723dbad8,,12,,The Puppy 2,e9f88543-f815-4db2-a076-1271fb35160c,5.0,1000000.0,225000,,,,,,,,,,
2026-07-01 20:34:03 UTC,177,268e4c6c-716d-467c-856a-1297e1c743cf,Cade,Otton,TB,TE,c24b3ba9-8cc2-464c-9e9d-b41415df5fde,12a32a52-1277-49f1-9dc6-46016e4d9ce4,,12,,Best Ball Mania VII,deb0e69e-d357-4f7e-affa-2d5b8a726da8,25.0,15000000.0,672336,,,,,,,,,,
2026-06-28 03:21:02 UTC,176,4f3c5505-9940-4dfc-bc57-603892bccb40,Germie,Bernard,PIT,WR,3f662d0c-53c7-4824-af8a-337f6aa31cdb,94203baa-4cc4-4381-a4ec-d3dcbd449244,,12,,The Poodle,74fc3940-bde1-4dbc-aeb1-36e3fc49c70d,7.0,350000.0,55800,,,,,,,,,,
2026-06-30 16:30:56 UTC,189,9ff86d7b-4419-4124-b7f7-45e95948cd07,Malik,Washington,MIA,WR,99e0a524-535d-4697-a0ec-96f672de3dab,04c3c42f-a536-438c-811d-9a168f4304dd,,12,,The Little Dalmatian,9be71122-4880-4cb8-afa7-f508779bd554,1.0,100000.0,112800,,,,,,,,,,
2026-05-30 16:19:41 UTC,31,64d36d44-e477-496c-8250-80bc47e1d6d6,Travis,Etienne Jr.,NO,RB,4a756ff0-2931-40b3-857d-bcda46c63eaf,42bf770f-244e-4fac-9988-b29cf78ebdd1,,12,,The Pomeranian,dc6e77f6-581c-45a7-9bcf-0932e628037e,3.0,300000.0,112800,,,,,,,,,,
2026-05-07 01:33:31 UTC,71,942801d0-c4ad-4d2b-b971-34cc675ed8f8,Chuba,Hubbard,CAR,RB,a114c157-0ef3-4303-a935-68360245eebd,e256afba-3e41-49ba-8206-af971735492f,,12,,The Mini Golden,49d2b4fe-fb5c-42a4-bc6a-e9b18547535a,2.0,20000.0,11280,,,,,,,,,,
2026-06-01 19:51:42 UTC,94,877b2b95-1014-448a-9255-a4ec6dad9330,Chris,Godwin,TB,WR,11652228-7947-40ec-b183-cd5cfd3e3eff,74b6cfcc-b259-47a5-b8ab-ca350ccb35d9,,12,,The Hound Dog,9f0acdc2-c088-4acb-beab-2c5399bf6d6a,6.0,100000.0,18600,,,,,,,,,,
2026-05-30 19:10:55 UTC,194,290c697a-95db-494a-9728-a1c3f90d4395,Eli,Stowers,PHI,TE,ba81aa92-671b-4c44-bdb4-e62f3cd70227,66b74861-8269-43d6-a4ba-37da26d1fa55,,12,,The Frenchie 4,29e5e908-c1d9-44d9-87e7-7873093259d4,30.0,50000.0,1872,,,,,,,,,,
2026-06-30 20:28:18 UTC,26,15a3bde4-5f94-46b8-9b44-928336c230fd,Breece,Hall,NYJ,RB,c6b80e46-44d6-4446-8b92-04a69a71c79b,ef27d9db-d06c-4c32-a278-d7eebf99b27d,,12,,The Little Dalmatian,9be71122-4880-4cb8-afa7-f508779bd554,1.0,100000.0,112800,,,,,,,,,,
2026-06-16 01:42:01 UTC,177,0c7ec0aa-bc36-49d5-a402-0cb26a244803,AJ,Barner,SEA,TE,e84e4778-2727-470c-b770-a62814de28f9,81bb0394-19b2-43be-83fa-fafb44b09808,,12,,The Pointer,263f68e0-a243-46a0-95f3-da997f476b2f,11.0,200000.0,20304,,,,,,,,,,
2026-07-01 21:09:59 UTC,142,86e4ae73-0fb9-4cbe-a457-71f3f7ea2a22,Travis,Hunter,JAX,WR,adceec9f-5f0a-4eb4-8204-d8745c3c8374,f7a23d8d-6aaf-4902-8fed-d7b6e3fcaf8a,,12,,Best Ball Mania VII,deb0e69e-d357-4f7e-affa-2d5b8a726da8,25.0,15000000.0,672336,,,,,,,,,,
2026-06-27 01:45:03 UTC,213,4a119663-b322-43a7-bfd3-19662f4e21b2,Kimani,Vidal,LAC,RB,8d9fd882-6280-4862-8289-8c81f97a29fb,86373a61-b505-441e-84a2-fe9879aabb06,,12,,The Poodle,74fc3940-bde1-4dbc-aeb1-36e3fc49c70d,7.0,350000.0,55800,,,,,,,,,,
2026-06-30 21:21:54 UTC,79,41bac526-b103-4a40-9142-dcef21e5da72,Jaylen,Warren,PIT,RB,aa9014c1-bc8e-48b8-bc90-f528f4f2813f,c3114e6d-dc2c-4910-be08-0943e5f89ccd,,12,,The Little Dalmatian,9be71122-4880-4cb8-afa7-f508779bd554,1.0,100000.0,112800,,,,,,,,,,
2026-07-01 23:23:23 UTC,100,9b619115-cbc1-481f-869a-afb01b859710,Jaxson,Dart,NYG,QB,157c0aa8-6803-4802-b214-b18a55085899,1ba62fc7-d34e-4c81-8987-feef98922bb2,,12,,Best Ball Mania VII,deb0e69e-d357-4f7e-affa-2d5b8a726da8,25.0,15000000.0,672336,,,,,,,,,,
2026-06-08 20:47:03 UTC,46,4b14baf1-115c-4fde-b12b-fa3ec53ab612,David,Montgomery,HOU,RB,c86fdc40-9150-425e-8b6d-3fa9413a3d63,58ba5202-112d-4b45-9e12-c64d3018c462,,12,,The Puppy 2,e9f88543-f815-4db2-a076-1271fb35160c,5.0,1000000.0,225000,,,,,,,,,,
2026-06-27 16:13:19 UTC,4,e05bf051-69f3-4483-8ce3-20b365a19cac,Ja'Marr,Chase,CIN,WR,0127974d-50ed-49b5-926f-053b77094d4b,ea7c3697-aac3-4ac7-9928-cb003003c914,,12,,The Poodle,74fc3940-bde1-4dbc-aeb1-36e3fc49c70d,7.0,350000.0,55800,,,,,,,,,,
2026-06-30 21:03:52 UTC,2,25cbfc55-cb8a-4589-85de-e91870f65952,Bijan,Robinson,ATL,RB,8d6a404e-75d0-46e0-b160-95044ca05255,3a86e85d-490f-44a4-aa4b-6e22b69d33b6,,12,,The Little Dalmatian,9be71122-4880-4cb8-afa7-f508779bd554,1.0,100000.0,112800,,,,,,,,,,
2026-06-27 01:42:22 UTC,196,4f3c5505-9940-4dfc-bc57-603892bccb40,Germie,Bernard,PIT,WR,8d9fd882-6280-4862-8289-8c81f97a29fb,86373a61-b505-441e-84a2-fe9879aabb06,,12,,The Poodle,74fc3940-bde1-4dbc-aeb1-36e3fc49c70d,7.0,350000.0,55800,,,,,,,,,,
2026-06-30 20:44:15 UTC,142,f9b4b51b-3d0e-47b6-bbc4-d73ed3340f82,Daniel,Jones,IND,QB,fd0eb170-a9b3-46b3-9dc0-cdf7ca546f12,47c9f223-0f07-4f52-bb15-337d1c09cd61,,12,,The Little Dalmatian,9be71122-4880-4cb8-afa7-f508779bd554,1.0,100000.0,112800,,,,,,,,,,
2026-05-19 01:50:19 UTC,142,e08333f4-72da-4d6b-8a4a-7258093eda3c,C.J.,Stroud,HOU,QB,467c48a4-416e-4110-b26c-ed87c22e5507,49229e31-9a86-4620-ad69-c8f88405d26a,,12,,The Frenchie 3,f862a116-a69f-4db7-aeaf-29155b579be7,10.0,50000.0,5616,,,,,,,,,,
2026-06-13 17:41:00 UTC,8,22bb912e-3c0d-498f-8ef9-86d332d90e1b,Christian,McCaffrey,SF,RB,c8e9011c-e455-444e-ac54-5ea37d5e5ba0,d16119ee-7d13-4d22-95ae-16c787190abf,,12,,The Frenchie 6,fb385198-3437-4c2e-aa39-efca53e73c60,8.0,50000.0,7020,,,,,,,,,,
2026-06-28 02:11:03 UTC,98,a732f00b-cb01-4c0d-8b64-6d8b605bf45f,Brock,Purdy,SF,QB,02211811-63df-41db-9181-34910d1fa7c1,ad19b693-0616-48d3-a661-eec35e697823,,12,,The Poodle,74fc3940-bde1-4dbc-aeb1-36e3fc49c70d,7.0,350000.0,55800,,,,,,,,,,
2026-06-27 01:33:52 UTC,141,9b6b5dd5-bcdf-4155-aa42-9b6c948e851e,Omar,Cooper,NYJ,WR,8d9fd882-6280-4862-8289-8c81f97a29fb,86373a61-b505-441e-84a2-fe9879aabb06,,12,,The Poodle,74fc3940-bde1-4dbc-aeb1-36e3fc49c70d,7.0,350000.0,55800,,,,,,,,,,
2026-06-26 22:29:17 UTC,149,aa36686a-7005-49d2-8db8-2ccbe6e483e0,Hunter,Henry,NE,TE,e4521940-bfbc-4096-b0ee-f6e05d2b348f,3219288e-9a5c-4032-865d-90e021bdc5e0,,12,,The Poodle,74fc3940-bde1-4dbc-aeb1-36e3fc49c70d,7.0,350000.0,55800,,,,,,,,,,
2026-04-28 02:10:43 UTC,209,ae5ffec8-ddb5-44de-bfbe-0ac08be1c2ae,Ted,Hurst,TB,WR,9c64b40e-bbeb-4351-a440-aab775bdd166,e1bd5b1d-1339-4425-962f-37bc39dc3ebf,,12,,The Puppy,b42dca9a-7a0c-4c32-963d-a0ddfe179e0a,5.0,1000000.0,225000,,,,,,,,,,
2026-06-30 20:50:14 UTC,190,892fedf8-412c-4307-bab0-2a04c33b1642,Nicholas,Singleton,TEN,RB,fd0eb170-a9b3-46b3-9dc0-cdf7ca546f12,47c9f223-0f07-4f52-bb15-337d1c09cd61,,12,,The Little Dalmatian,9be71122-4880-4cb8-afa7-f508779bd554,1.0,100000.0,112800,,,,,,,,,,
2026-05-03 19:13:11 UTC,34,03e908d2-14b1-49ed-a6e6-56e41a5e9988,Kyren,Williams,LAR,RB,93578258-83c7-468f-8927-bf61b153d9a7,a0c6aea8-4750-4438-b561-9d5df2c0a1c0,,12,,The Puppy,b42dca9a-7a0c-4c32-963d-a0ddfe179e0a,5.0,1000000.0,225000,,,,,,,,,,
2026-06-30 21:23:33 UTC,143,9f843748-952c-4e26-b336-d35a73a18c2e,Chig,Okonkwo,WAS,TE,8d6a404e-75d0-46e0-b160-95044ca05255,3a86e85d-490f-44a4-aa4b-6e22b69d33b6,,12,,The Little Dalmatian,9be71122-4880-4cb8-afa7-f508779bd554,1.0,100000.0,112800,,,,,,,,,,
2026-07-01 20:07:05 UTC,9,c34627c5-0225-45a3-b729-c49827bf5a8e,Jonathan,Taylor,IND,RB,c24b3ba9-8cc2-464c-9e9d-b41415df5fde,12a32a52-1277-49f1-9dc6-46016e4d9ce4,,12,,Best Ball Mania VII,deb0e69e-d357-4f7e-affa-2d5b8a726da8,25.0,15000000.0,672336,,,,,,,,,,
2026-05-18 17:17:57 UTC,75,017da9b8-968f-4baa-858f-d8bbf32373ee,Rhamondre,Stevenson,NE,RB,a9506484-351b-44dd-91cf-c8f8e9ecda9d,155fb692-2a8a-4c9d-84b5-21f4eab042e7,,12,,The Frenchie 3,f862a116-a69f-4db7-aeaf-29155b579be7,10.0,50000.0,5616,,,,,,,,,,
2026-06-18 01:03:43 UTC,156,e08333f4-72da-4d6b-8a4a-7258093eda3c,C.J.,Stroud,HOU,QB,5f3635e6-00c0-4e05-8061-2f120307809c,c67f0a85-75e3-4ed8-90ed-9652d1d31f0f,,12,,The Puppy 2,e9f88543-f815-4db2-a076-1271fb35160c,5.0,1000000.0,225000,,,,,,,,,,
2026-06-13 20:16:09 UTC,22,bcd9dd40-142a-4f3c-b47e-654117d32658,Nico,Collins,HOU,WR,dcdd70a5-307a-4539-b829-043852012e3a,3dc1001a-cb14-474f-9984-4c08fd16ab4c,,12,,The Frenchie 6,fb385198-3437-4c2e-aa39-efca53e73c60,8.0,50000.0,7020,,,,,,,,,,
2026-06-28 02:52:25 UTC,8,da561afd-b293-4e29-8986-fe658247131d,Amon-Ra,St. Brown,DET,WR,3f662d0c-53c7-4824-af8a-337f6aa31cdb,94203baa-4cc4-4381-a4ec-d3dcbd449244,,12,,The Poodle,74fc3940-bde1-4dbc-aeb1-36e3fc49c70d,7.0,350000.0,55800,,,,,,,,,,
2026-04-27 21:09:06 UTC,144,e08333f4-72da-4d6b-8a4a-7258093eda3c,C.J.,Stroud,HOU,QB,5b5fddd4-161a-4958-b2ff-9f9570d277ed,4ea19481-bcf6-4061-8709-1011a29e59d3,,12,,Best Ball Mania VII,deb0e69e-d357-4f7e-affa-2d5b8a726da8,25.0,15000000.0,672336,,,,,,,,,,
2026-06-13 20:21:05 UTC,46,fed6c701-5437-4965-b008-d65eb8280fea,Mike,Evans,SF,WR,dcdd70a5-307a-4539-b829-043852012e3a,3dc1001a-cb14-474f-9984-4c08fd16ab4c,,12,,The Frenchie 6,fb385198-3437-4c2e-aa39-efca53e73c60,8.0,50000.0,7020,,,,,,,,,,
2026-06-16 01:21:39 UTC,57,89d88336-52d9-468c-bbe3-c1167c2e7819,Carnell,Tate,TEN,WR,e84e4778-2727-470c-b770-a62814de28f9,81bb0394-19b2-43be-83fa-fafb44b09808,,12,,The Pointer,263f68e0-a243-46a0-95f3-da997f476b2f,11.0,200000.0,20304,,,,,,,,,,
2026-04-28 02:02:15 UTC,161,4efc8624-dc36-4242-b1cb-0cc6d3862174,Stefon,Diggs,,WR,9c64b40e-bbeb-4351-a440-aab775bdd166,e1bd5b1d-1339-4425-962f-37bc39dc3ebf,,12,,The Puppy,b42dca9a-7a0c-4c32-963d-a0ddfe179e0a,5.0,1000000.0,225000,,,,,,,,,,
2026-05-18 17:34:01 UTC,171,9fd3effd-2d57-43d1-9da9-118e0aa3689b,Dalton,Schultz,HOU,TE,a9506484-351b-44dd-91cf-c8f8e9ecda9d,155fb692-2a8a-4c9d-84b5-21f4eab042e7,,12,,The Frenchie 3,f862a116-a69f-4db7-aeaf-29155b579be7,10.0,50000.0,5616,,,,,,,,,,
2026-05-07 01:37:39 UTC,95,ef35a5ca-57be-43d7-a55b-d4d568091425,Jayden,Reed,GB,WR,a114c157-0ef3-4303-a935-68360245eebd,e256afba-3e41-49ba-8206-af971735492f,,12,,The Mini Golden,49d2b4fe-fb5c-42a4-bc6a-e9b18547535a,2.0,20000.0,11280,,,,,,,,,,
2026-07-01 23:40:47 UTC,196,ef187a90-1a0c-46af-9775-ebaa0fbbc6d1,Pat,Freiermuth,PIT,TE,157c0aa8-6803-4802-b214-b18a55085899,1ba62fc7-d34e-4c81-8987-feef98922bb2,,12,,Best Ball Mania VII,deb0e69e-d357-4f7e-affa-2d5b8a726da8,25.0,15000000.0,672336,,,,,,,,,,
2026-06-13 19:43:55 UTC,50,61dc9c11-cbf2-4508-bc17-54da23abfb8d,Davante,Adams,LAR,WR,beeb1ab6-ef30-43a7-8d66-3bd7ad90167b,9db2dfa3-a3a0-488f-b7fd-d54e71621df8,,12,,The Frenchie 6,fb385198-3437-4c2e-aa39-efca53e73c60,8.0,50000.0,7020,,,,,,,,,,
2026-06-30 21:44:10 UTC,210,dbe588a1-cdaf-458e-a0b4-daa450f19bbf,Cooper,Kupp,SEA,WR,aa9014c1-bc8e-48b8-bc90-f528f4f2813f,c3114e6d-dc2c-4910-be08-0943e5f89ccd,,12,,The Little Dalmatian,9be71122-4880-4cb8-afa7-f508779bd554,1.0,100000.0,112800,,,,,,,,,,
2026-05-29 20:32:17 UTC,191,4f3c5505-9940-4dfc-bc57-603892bccb40,Germie,Bernard,PIT,WR,51a296f1-cf02-4089-88ef-2ff01a76fc00,81b48250-81c0-4439-b0d4-cb131868bdb0,,12,,The Pomeranian,dc6e77f6-581c-45a7-9bcf-0932e628037e,3.0,300000.0,112800,,,,,,,,,,
2026-06-14 21:14:32 UTC,43,a3a3a72e-899e-4bbb-962d-dd308af3a320,Tetairoa,McMillan,CAR,WR,cc96bec4-e99d-45c3-bc46-63b89879cc0c,6844d736-d85b-41bf-9d57-b826e34fe2e7,,12,,The Pointer,263f68e0-a243-46a0-95f3-da997f476b2f,11.0,200000.0,20304,,,,,,,,,,
2026-05-07 00:26:37 UTC,124,9077a1e5-ae83-43f2-ad88-8e44df2d6f4d,Jake,Ferguson,DAL,TE,b22a71c9-dafa-420d-bc8f-9307f6f5704d,a23b9a93-c543-453f-8918-6d02c64df95c,,12,,The Mini Golden,49d2b4fe-fb5c-42a4-bc6a-e9b18547535a,2.0,20000.0,11280,,,,,,,,,,
2026-05-07 01:29:44 UTC,47,667ca3ed-1519-414d-83e0-30bf2dc21162,Luther,Burden,CHI,WR,a114c157-0ef3-4303-a935-68360245eebd,e256afba-3e41-49ba-8206-af971735492f,,12,,The Mini Golden,49d2b4fe-fb5c-42a4-bc6a-e9b18547535a,2.0,20000.0,11280,,,,,,,,,,
2026-06-16 02:07:34 UTC,26,1cc09dd6-2918-4379-b17a-562dc04857c5,Jeremiyah,Love,ARI,RB,8bc1b5b9-1778-4802-9b94-52d59f8f0cb2,101f183f-2a0c-471e-b987-d67e723dbad8,,12,,The Puppy 2,e9f88543-f815-4db2-a076-1271fb35160c,5.0,1000000.0,225000,,,,,,,,,,
2026-05-30 18:51:09 UTC,74,11818a85-2fd9-4efd-aba2-bb18fc46a486,Makai,Lemon,PHI,WR,ba81aa92-671b-4c44-bdb4-e62f3cd70227,66b74861-8269-43d6-a4ba-37da26d1fa55,,12,,The Frenchie 4,29e5e908-c1d9-44d9-87e7-7873093259d4,30.0,50000.0,1872,,,,,,,,,,
2026-05-07 01:38:11 UTC,98,897642f1-74d8-4cf7-8a33-7fbcbd48d248,Bo,Nix,DEN,QB,a114c157-0ef3-4303-a935-68360245eebd,e256afba-3e41-49ba-8206-af971735492f,,12,,The Mini Golden,49d2b4fe-fb5c-42a4-bc6a-e9b18547535a,2.0,20000.0,11280,,,,,,,,,,
2026-05-30 18:55:14 UTC,95,9b619115-cbc1-481f-869a-afb01b859710,Jaxson,Dart,NYG,QB,ba81aa92-671b-4c44-bdb4-e62f3cd70227,66b74861-8269-43d6-a4ba-37da26d1fa55,,12,,The Frenchie 4,29e5e908-c1d9-44d9-87e7-7873093259d4,30.0,50000.0,1872,,,,,,,,,,
2026-06-30 21:31:49 UTC,138,233c11ab-0b40-42d2-9e1c-57b9df68969d,Sam,Darnold,SEA,QB,aa9014c1-bc8e-48b8-bc90-f528f4f2813f,c3114e6d-dc2c-4910-be08-0943e5f89ccd,,12,,The Little Dalmatian,9be71122-4880-4cb8-afa7-f508779bd554,1.0,100000.0,112800,,,,,,,,,,
2026-05-01 20:21:51 UTC,51,4cf7c6ab-95f6-4e5f-adaa-ec47c1198dd1,Colston,Loveland,CHI,TE,c58bea11-09c9-4e5b-9d82-a2cdc152f383,f71057b8-1a09-4540-89d1-8a9011707c98,,12,,The Frenchie,4a7aa4af-c383-450f-b99b-373cfca8983b,15.0,50000.0,3720,,,,,,,,,,
2026-06-14 15:34:15 UTC,105,11fab77a-8096-44ac-a426-6b8c9fddc723,Kyle,Pitts,ATL,TE,bb3d8ce0-a6dd-4b4c-a4e6-8ea1144bec7f,9a9db9d5-48f5-464f-b1f7-a11c4d42469c,,12,,The Pointer,263f68e0-a243-46a0-95f3-da997f476b2f,11.0,200000.0,20304,,,,,,,,,,
2026-06-30 20:42:23 UTC,119,28528dbe-2b54-4e90-8daf-b40ff16f4fcb,Romeo,Doubs,NE,WR,c6b80e46-44d6-4446-8b92-04a69a71c79b,ef27d9db-d06c-4c32-a278-d7eebf99b27d,,12,,The Little Dalmatian,9be71122-4880-4cb8-afa7-f508779bd554,1.0,100000.0,112800,,,,,,,,,,
2026-06-13 17:52:29 UTC,80,96b8e2a1-4f67-4f4f-807f-861566d4461c,Jalen,Hurts,PHI,QB,c8e9011c-e455-444e-ac54-5ea37d5e5ba0,d16119ee-7d13-4d22-95ae-16c787190abf,,12,,The Frenchie 6,fb385198-3437-4c2e-aa39-efca53e73c60,8.0,50000.0,7020,,,,,,,,,,
2026-06-06 02:16:26 UTC,138,3f365df5-b74c-451c-a67d-e3ad460752aa,Woody,Marks,HOU,RB,68edc017-58cd-470d-a1b3-268fcd2f3a54,01732e46-351b-4715-be3c-92f480ce2661,,12,,The Frenchie 5,97e0d089-6357-4fe3-9875-49e1d99ca74a,2.0,50000.0,28200,,,,,,,,,,
2026-06-30 20:24:18 UTC,2,25cbfc55-cb8a-4589-85de-e91870f65952,Bijan,Robinson,ATL,RB,c6b80e46-44d6-4446-8b92-04a69a71c79b,ef27d9db-d06c-4c32-a278-d7eebf99b27d,,12,,The Little Dalmatian,9be71122-4880-4cb8-afa7-f508779bd554,1.0,100000.0,112800,,,,,,,,,,
2026-06-15 00:48:52 UTC,148,aa36686a-7005-49d2-8db8-2ccbe6e483e0,Hunter,Henry,NE,TE,18452539-317f-4b75-b676-c9802ab905a6,46b95838-1f8d-428f-a1f0-e37de53036b7,,12,,The Pointer,263f68e0-a243-46a0-95f3-da997f476b2f,11.0,200000.0,20304,,,,,,,,,,
2026-06-30 20:45:23 UTC,147,5d942e20-efde-4e9b-b4be-8112da68037a,Denzel,Boston,CLE,WR,fd0eb170-a9b3-46b3-9dc0-cdf7ca546f12,47c9f223-0f07-4f52-bb15-337d1c09cd61,,12,,The Little Dalmatian,9be71122-4880-4cb8-afa7-f508779bd554,1.0,100000.0,112800,,,,,,,,,,
2026-04-30 00:45:36 UTC,122,d18a8c9c-dc6a-4ed2-af27-a631c40f0cb2,Jacory,Croskey-Merritt,WAS,RB,cc7dd979-a980-4510-9e69-8c31e7fbd3fc,1eb32a63-95bc-45ab-b4e3-62a51b6d46dd,,12,,The Puppy,b42dca9a-7a0c-4c32-963d-a0ddfe179e0a,5.0,1000000.0,225000,,,,,,,,,,
2026-07-01 20:48:23 UTC,22,91204d39-aa4f-4927-9728-3c80fde04371,Brock,Bowers,LV,TE,adceec9f-5f0a-4eb4-8204-d8745c3c8374,f7a23d8d-6aaf-4902-8fed-d7b6e3fcaf8a,,12,,Best Ball Mania VII,deb0e69e-d357-4f7e-affa-2d5b8a726da8,25.0,15000000.0,672336,,,,,,,,,,
2026-04-27 22:12:43 UTC,172,77b3cf07-cf9b-4068-832f-4f787e7e7259,De'Zhaun,Stribling,SF,WR,e8d64591-3f6d-4d66-bb7d-792292fc03e2,3a5a34c4-4d64-4e39-8ea0-5373b998851b,,12,,The Puppy,b42dca9a-7a0c-4c32-963d-a0ddfe179e0a,5.0,1000000.0,225000,,,,,,,,,,
2026-06-26 22:35:50 UTC,188,268e4c6c-716d-467c-856a-1297e1c743cf,Cade,Otton,TB,TE,e4521940-bfbc-4096-b0ee-f6e05d2b348f,3219288e-9a5c-4032-865d-90e021bdc5e0,,12,,The Poodle,74fc3940-bde1-4dbc-aeb1-36e3fc49c70d,7.0,350000.0,55800,,,,,,,,,,
2026-06-09 19:06:09 UTC,165,9fd3effd-2d57-43d1-9da9-118e0aa3689b,Dalton,Schultz,HOU,TE,d62515b7-92c9-48d2-a17c-d25afa00d06a,1b2b5ae3-9bd6-4fe7-87c1-b23f09c7dd5f,,12,,The Puppy,b42dca9a-7a0c-4c32-963d-a0ddfe179e0a,5.0,1000000.0,225000,,,,,,,,,,
2026-05-07 01:33:59 UTC,74,96b8e2a1-4f67-4f4f-807f-861566d4461c,Jalen,Hurts,PHI,QB,a114c157-0ef3-4303-a935-68360245eebd,e256afba-3e41-49ba-8206-af971735492f,,12,,The Mini Golden,49d2b4fe-fb5c-42a4-bc6a-e9b18547535a,2.0,20000.0,11280,,,,,,,,,,
2026-06-16 02:06:54 UTC,23,91204d39-aa4f-4927-9728-3c80fde04371,Brock,Bowers,LV,TE,8bc1b5b9-1778-4802-9b94-52d59f8f0cb2,101f183f-2a0c-471e-b987-d67e723dbad8,,12,,The Puppy 2,e9f88543-f815-4db2-a076-1271fb35160c,5.0,1000000.0,225000,,,,,,,,,,
2026-06-07 16:49:55 UTC,155,0b218e62-7871-4c50-99aa-7268ab5c5c28,Fernando,Mendoza,LV,QB,07a61fec-0cd9-4f61-bd79-e7cecd910090,e471f89f-1103-4c38-8bd7-592c002e727c,,12,,The Frenchie 5,97e0d089-6357-4fe3-9875-49e1d99ca74a,2.0,50000.0,28200,,,,,,,,,,
2026-05-18 17:29:29 UTC,142,e08333f4-72da-4d6b-8a4a-7258093eda3c,C.J.,Stroud,HOU,QB,a9506484-351b-44dd-91cf-c8f8e9ecda9d,155fb692-2a8a-4c9d-84b5-21f4eab042e7,,12,,The Frenchie 3,f862a116-a69f-4db7-aeaf-29155b579be7,10.0,50000.0,5616,,,,,,,,,,
2026-06-27 16:26:04 UTC,93,8abc1bed-0838-40ba-8959-45444bf778a5,RJ,Harvey,DEN,RB,0127974d-50ed-49b5-926f-053b77094d4b,ea7c3697-aac3-4ac7-9928-cb003003c914,,12,,The Poodle,74fc3940-bde1-4dbc-aeb1-36e3fc49c70d,7.0,350000.0,55800,,,,,,,,,,
2026-07-05 01:10:20 UTC,106,77e88416-ec46-49cf-9997-ee83acddb499,Harold,Fannin,CLE,TE,82e46a8e-10dd-4fbf-9050-6575e10ab2fa,d87d5697-e8bf-4893-821b-c60562656d17,,12,,The Chihuahua,9482f23f-3368-461d-83bd-7c706ffba069,4.0,250000.0,70308,,,,,,,,,,
2026-07-05 00:54:47 UTC,15,674152bc-219e-4a7e-88e1-0b7bab267127,Saquon,Barkley,PHI,RB,82e46a8e-10dd-4fbf-9050-6575e10ab2fa,d87d5697-e8bf-4893-821b-c60562656d17,,12,,The Chihuahua,9482f23f-3368-461d-83bd-7c706ffba069,4.0,250000.0,70308,,,,,,,,,,
2026-06-15 00:44:19 UTC,124,9077a1e5-ae83-43f2-ad88-8e44df2d6f4d,Jake,Ferguson,DAL,TE,18452539-317f-4b75-b676-c9802ab905a6,46b95838-1f8d-428f-a1f0-e37de53036b7,,12,,The Pointer,263f68e0-a243-46a0-95f3-da997f476b2f,11.0,200000.0,20304,,,,,,,,,,
2026-06-13 20:25:32 UTC,70,d407419c-8b2a-4590-b343-2f813554d6e0,Marvin,Harrison,ARI,WR,dcdd70a5-307a-4539-b829-043852012e3a,3dc1001a-cb14-474f-9984-4c08fd16ab4c,,12,,The Frenchie 6,fb385198-3437-4c2e-aa39-efca53e73c60,8.0,50000.0,7020,,,,,,,,,,
2026-05-30 18:41:50 UTC,23,bcd9dd40-142a-4f3c-b47e-654117d32658,Nico,Collins,HOU,WR,ba81aa92-671b-4c44-bdb4-e62f3cd70227,66b74861-8269-43d6-a4ba-37da26d1fa55,,12,,The Frenchie 4,29e5e908-c1d9-44d9-87e7-7873093259d4,30.0,50000.0,1872,,,,,,,,,,
2026-06-27 19:20:22 UTC,200,ae5ffec8-ddb5-44de-bfbe-0ac08be1c2ae,Ted,Hurst,TB,WR,e729fd0a-84da-4388-9a97-f005c119292c,62779072-7688-4f57-82f0-ac631dab5f4d,,12,,The Poodle,74fc3940-bde1-4dbc-aeb1-36e3fc49c70d,7.0,350000.0,55800,,,,,,,,,,
2026-04-28 02:04:11 UTC,176,9fd3effd-2d57-43d1-9da9-118e0aa3689b,Dalton,Schultz,HOU,TE,9c64b40e-bbeb-4351-a440-aab775bdd166,e1bd5b1d-1339-4425-962f-37bc39dc3ebf,,12,,The Puppy,b42dca9a-7a0c-4c32-963d-a0ddfe179e0a,5.0,1000000.0,225000,,,,,,,,,,
2026-06-30 21:20:47 UTC,134,f9b4b51b-3d0e-47b6-bbc4-d73ed3340f82,Daniel,Jones,IND,QB,97fa549a-2fd2-4ebe-9071-2c48cb9d9cae,bc7a1cd8-4613-48dd-97ec-1400b5bbb6a2,,12,,The Little Dalmatian,9be71122-4880-4cb8-afa7-f508779bd554,1.0,100000.0,112800,,,,,,,,,,
2026-06-06 03:31:34 UTC,141,9b6b5dd5-bcdf-4155-aa42-9b6c948e851e,Omar,Cooper,NYJ,WR,d62515b7-92c9-48d2-a17c-d25afa00d06a,1b2b5ae3-9bd6-4fe7-87c1-b23f09c7dd5f,,12,,The Puppy,b42dca9a-7a0c-4c32-963d-a0ddfe179e0a,5.0,1000000.0,225000,,,,,,,,,,
2026-05-29 14:06:59 UTC,69,942801d0-c4ad-4d2b-b971-34cc675ed8f8,Chuba,Hubbard,CAR,RB,d62515b7-92c9-48d2-a17c-d25afa00d06a,1b2b5ae3-9bd6-4fe7-87c1-b23f09c7dd5f,,12,,The Puppy,b42dca9a-7a0c-4c32-963d-a0ddfe179e0a,5.0,1000000.0,225000,,,,,,,,,,
2026-05-03 19:36:40 UTC,178,7d7766b7-6c5c-4a3f-9d89-adda8940df3d,Deebo,Samuel,,WR,93578258-83c7-468f-8927-bf61b153d9a7,a0c6aea8-4750-4438-b561-9d5df2c0a1c0,,12,,The Puppy,b42dca9a-7a0c-4c32-963d-a0ddfe179e0a,5.0,1000000.0,225000,,,,,,,,,,
2026-06-14 15:19:56 UTC,9,9f4b0912-cb1e-4d16-b82b-45b05b012839,Ashton,Jeanty,LV,RB,bb3d8ce0-a6dd-4b4c-a4e6-8ea1144bec7f,9a9db9d5-48f5-464f-b1f7-a11c4d42469c,,12,,The Pointer,263f68e0-a243-46a0-95f3-da997f476b2f,11.0,200000.0,20304,,,,,,,,,,
2026-06-27 19:00:56 UTC,80,be421b67-977b-4ab9-a9c8-282f1548706d,Justin,Herbert,LAC,QB,e729fd0a-84da-4388-9a97-f005c119292c,62779072-7688-4f57-82f0-ac631dab5f4d,,12,,The Poodle,74fc3940-bde1-4dbc-aeb1-36e3fc49c70d,7.0,350000.0,55800,,,,,,,,,,
2026-05-18 17:09:53 UTC,22,2b821176-4aeb-4159-b49e-c87dfc4a25d9,Drake,London,ATL,WR,a9506484-351b-44dd-91cf-c8f8e9ecda9d,155fb692-2a8a-4c9d-84b5-21f4eab042e7,,12,,The Frenchie 3,f862a116-a69f-4db7-aeaf-29155b579be7,10.0,50000.0,5616,,,,,,,,,,
2026-06-16 18:09:23 UTC,89,8a17ba41-08bf-455e-852c-e5f9776021af,Patrick,Mahomes,KC,QB,7cb24e63-0e7c-427f-86a7-ba712aee4de0,12ca49b3-d51c-4599-a3fb-c9c0779b53b5,,12,,The Pointer,263f68e0-a243-46a0-95f3-da997f476b2f,11.0,200000.0,20304,,,,,,,,,,
2026-05-30 16:36:13 UTC,151,e7734d2c-72f2-49da-91b8-6d09036794be,Oronde,Gadsden,LAC,TE,4a756ff0-2931-40b3-857d-bcda46c63eaf,42bf770f-244e-4fac-9988-b29cf78ebdd1,,12,,The Pomeranian,dc6e77f6-581c-45a7-9bcf-0932e628037e,3.0,300000.0,112800,,,,,,,,,,
2026-05-24 21:38:50 UTC,136,e08333f4-72da-4d6b-8a4a-7258093eda3c,C.J.,Stroud,HOU,QB,ec7f936c-3415-459d-88b6-29a4b4d7ecc8,4e00a9b7-5c72-4a4d-ba72-139da9a8e46c,,12,,The Pit Bull,f6f05181-3ff0-49e8-888e-b1cb18eb63a1,20.0,500000.0,28080,,,,,,,,,,
2026-06-15 00:52:11 UTC,165,05a6881d-5311-49a0-be02-83b85e831b2b,Tyjae,Spears,TEN,RB,18452539-317f-4b75-b676-c9802ab905a6,46b95838-1f8d-428f-a1f0-e37de53036b7,,12,,The Pointer,263f68e0-a243-46a0-95f3-da997f476b2f,11.0,200000.0,20304,,,,,,,,,,
2026-05-29 20:08:56 UTC,47,fdd6ca8b-286d-4eb3-86e0-d2f970f6fa9c,Jaylen,Waddle,DEN,WR,51a296f1-cf02-4089-88ef-2ff01a76fc00,81b48250-81c0-4439-b0d4-cb131868bdb0,,12,,The Pomeranian,dc6e77f6-581c-45a7-9bcf-0932e628037e,3.0,300000.0,112800,,,,,,,,,,
2026-07-04 22:32:49 UTC,8,da561afd-b293-4e29-8986-fe658247131d,Amon-Ra,St. Brown,DET,WR,c1f4fd53-680b-4da0-8624-96a3d6475642,e34f2394-2e6e-429f-941b-961e2e8db3fa,,12,,The Chihuahua,9482f23f-3368-461d-83bd-7c706ffba069,4.0,250000.0,70308,,,,,,,,,,
2026-07-05 01:10:58 UTC,111,1440721b-3ca6-406c-b87a-88e4ad494da5,Jordan,Love,GB,QB,82e46a8e-10dd-4fbf-9050-6575e10ab2fa,d87d5697-e8bf-4893-821b-c60562656d17,,12,,The Chihuahua,9482f23f-3368-461d-83bd-7c706ffba069,4.0,250000.0,70308,,,,,,,,,,
2026-05-05 02:05:41 UTC,180,52947412-4003-4b6b-9660-5a2aa4ca1bd7,Calvin,Ridley,TEN,WR,c6677334-70a3-4b26-93e8-2bfab3fa84c7,5f2705a4-4a76-4ffe-a8e9-bd0b0b067b35,,12,,The Dachshund,1f35c88b-e5c4-4b8c-b42a-db74f55d7a18,8.0,200000.0,28080,,,,,,,,,,
2026-05-29 20:13:01 UTC,71,11818a85-2fd9-4efd-aba2-bb18fc46a486,Makai,Lemon,PHI,WR,51a296f1-cf02-4089-88ef-2ff01a76fc00,81b48250-81c0-4439-b0d4-cb131868bdb0,,12,,The Pomeranian,dc6e77f6-581c-45a7-9bcf-0932e628037e,3.0,300000.0,112800,,,,,,,,,,
2026-06-15 00:56:49 UTC,196,d580ee61-2ae9-4765-8065-85a4dc403af3,Mike,Gesicki,CIN,TE,18452539-317f-4b75-b676-c9802ab905a6,46b95838-1f8d-428f-a1f0-e37de53036b7,,12,,The Pointer,263f68e0-a243-46a0-95f3-da997f476b2f,11.0,200000.0,20304,,,,,,,,,,
2026-06-16 02:13:52 UTC,71,41bac526-b103-4a40-9142-dcef21e5da72,Jaylen,Warren,PIT,RB,8bc1b5b9-1778-4802-9b94-52d59f8f0cb2,101f183f-2a0c-471e-b987-d67e723dbad8,,12,,The Puppy 2,e9f88543-f815-4db2-a076-1271fb35160c,5.0,1000000.0,225000,,,,,,,,,,
2026-06-16 02:28:32 UTC,167,9fd3effd-2d57-43d1-9da9-118e0aa3689b,Dalton,Schultz,HOU,TE,8bc1b5b9-1778-4802-9b94-52d59f8f0cb2,101f183f-2a0c-471e-b987-d67e723dbad8,,12,,The Puppy 2,e9f88543-f815-4db2-a076-1271fb35160c,5.0,1000000.0,225000,,,,,,,,,,
2026-05-03 19:29:44 UTC,130,a84c94e2-eaef-4db4-b83d-08c6c6156581,Khalil,Shakir,BUF,WR,93578258-83c7-468f-8927-bf61b153d9a7,a0c6aea8-4750-4438-b561-9d5df2c0a1c0,,12,,The Puppy,b42dca9a-7a0c-4c32-963d-a0ddfe179e0a,5.0,1000000.0,225000,,,,,,,,,,
2026-04-28 01:43:02 UTC,41,9853a3b5-067e-4aee-9388-4e21fa09d7d9,Bucky,Irving,TB,RB,9c64b40e-bbeb-4351-a440-aab775bdd166,e1bd5b1d-1339-4425-962f-37bc39dc3ebf,,12,,The Puppy,b42dca9a-7a0c-4c32-963d-a0ddfe179e0a,5.0,1000000.0,225000,,,,,,,,,,
2026-06-28 03:14:11 UTC,137,9b6b5dd5-bcdf-4155-aa42-9b6c948e851e,Omar,Cooper,NYJ,WR,3f662d0c-53c7-4824-af8a-337f6aa31cdb,94203baa-4cc4-4381-a4ec-d3dcbd449244,,12,,The Poodle,74fc3940-bde1-4dbc-aeb1-36e3fc49c70d,7.0,350000.0,55800,,,,,,,,,,
2026-04-30 00:25:51 UTC,2,5daf3960-25f3-402a-800a-41f8ae4c38b5,Jahmyr,Gibbs,DET,RB,cc7dd979-a980-4510-9e69-8c31e7fbd3fc,1eb32a63-95bc-45ab-b4e3-62a51b6d46dd,,12,,The Puppy,b42dca9a-7a0c-4c32-963d-a0ddfe179e0a,5.0,1000000.0,225000,,,,,,,,,,
2026-06-30 21:31:02 UTC,191,392cac47-00b2-4189-b006-58ebc14b23bf,Jerry,Jeudy,CLE,WR,a2685405-d4d0-4a4f-ba7a-82a3af77d83b,3c44495f-eda8-4def-9afd-03357d5d4972,,12,,The Little Dalmatian,9be71122-4880-4cb8-afa7-f508779bd554,1.0,100000.0,112800,,,,,,,,,,
2026-06-07 16:57:47 UTC,206,c90c934c-9d10-4836-a138-d8ce1e2198d2,Braelon,Allen,NYJ,RB,07a61fec-0cd9-4f61-bd79-e7cecd910090,e471f89f-1103-4c38-8bd7-592c002e727c,,12,,The Frenchie 5,97e0d089-6357-4fe3-9875-49e1d99ca74a,2.0,50000.0,28200,,,,,,,,,,
2026-06-30 20:31:32 UTC,50,61dc9c11-cbf2-4508-bc17-54da23abfb8d,Davante,Adams,LAR,WR,c6b80e46-44d6-4446-8b92-04a69a71c79b,ef27d9db-d06c-4c32-a278-d7eebf99b27d,,12,,The Little Dalmatian,9be71122-4880-4cb8-afa7-f508779bd554,1.0,100000.0,112800,,,,,,,,,,
2026-06-30 20:56:14 UTC,215,a2a2da64-8443-4c7d-a1ce-835f30eca698,Elijah,Sarratt,BAL,WR,c6b80e46-44d6-4446-8b92-04a69a71c79b,ef27d9db-d06c-4c32-a278-d7eebf99b27d,,12,,The Little Dalmatian,9be71122-4880-4cb8-afa7-f508779bd554,1.0,100000.0,112800,,,,,,,,,,
2026-05-24 21:34:42 UTC,105,e97d1607-52ac-43a6-80f0-a630cab1e74b,Josh,Downs,IND,WR,ec7f936c-3415-459d-88b6-29a4b4d7ecc8,4e00a9b7-5c72-4a4d-ba72-139da9a8e46c,,12,,The Pit Bull,f6f05181-3ff0-49e8-888e-b1cb18eb63a1,20.0,500000.0,28080,,,,,,,,,,
2026-06-12 00:57:10 UTC,75,8b23a214-cb44-4db0-a1f2-10a1d6c9e8bf,Caleb,Williams,CHI,QB,c86fdc40-9150-425e-8b6d-3fa9413a3d63,58ba5202-112d-4b45-9e12-c64d3018c462,,12,,The Puppy 2,e9f88543-f815-4db2-a076-1271fb35160c,5.0,1000000.0,225000,,,,,,,,,,
2026-06-06 01:55:51 UTC,7,21ec9ffa-959e-4e5e-8d64-88776b1b4150,CeeDee,Lamb,DAL,WR,68edc017-58cd-470d-a1b3-268fcd2f3a54,01732e46-351b-4715-be3c-92f480ce2661,,12,,The Frenchie 5,97e0d089-6357-4fe3-9875-49e1d99ca74a,2.0,50000.0,28200,,,,,,,,,,
2026-06-13 20:42:05 UTC,166,05a6881d-5311-49a0-be02-83b85e831b2b,Tyjae,Spears,TEN,RB,dcdd70a5-307a-4539-b829-043852012e3a,3dc1001a-cb14-474f-9984-4c08fd16ab4c,,12,,The Frenchie 6,fb385198-3437-4c2e-aa39-efca53e73c60,8.0,50000.0,7020,,,,,,,,,,
2026-06-01 20:00:21 UTC,147,f8a8ab57-e237-4732-830d-7e0d5edd2620,Brenton,Strange,JAX,TE,11652228-7947-40ec-b183-cd5cfd3e3eff,74b6cfcc-b259-47a5-b8ab-ca350ccb35d9,,12,,The Hound Dog,9f0acdc2-c088-4acb-beab-2c5399bf6d6a,6.0,100000.0,18600,,,,,,,,,,
2026-05-30 16:24:52 UTC,66,7d59fc1e-990c-4002-994f-3c5e32b058ca,Jordyn,Tyson,NO,WR,4a756ff0-2931-40b3-857d-bcda46c63eaf,42bf770f-244e-4fac-9988-b29cf78ebdd1,,12,,The Pomeranian,dc6e77f6-581c-45a7-9bcf-0932e628037e,3.0,300000.0,112800,,,,,,,,,,
2026-07-02 00:13:15 UTC,146,5387ce75-723a-46f8-a393-b0bd2207291c,Tre,Tucker,LV,WR,7c04b4d7-0b19-4507-8e9f-913f0bc64b6d,573a5e56-73ca-4979-a46a-28d1fb2a8869,,12,,Best Ball Mania VII,deb0e69e-d357-4f7e-affa-2d5b8a726da8,25.0,15000000.0,672336,,,,,,,,,,
2026-07-02 00:27:06 UTC,215,87e7baef-4eb4-46ca-aac1-4df33d0f0ce5,Tory,Horton,SEA,WR,7c04b4d7-0b19-4507-8e9f-913f0bc64b6d,573a5e56-73ca-4979-a46a-28d1fb2a8869,,12,,Best Ball Mania VII,deb0e69e-d357-4f7e-affa-2d5b8a726da8,25.0,15000000.0,672336,,,,,,,,,,
2026-05-01 20:17:27 UTC,22,2b821176-4aeb-4159-b49e-c87dfc4a25d9,Drake,London,ATL,WR,c58bea11-09c9-4e5b-9d82-a2cdc152f383,f71057b8-1a09-4540-89d1-8a9011707c98,,12,,The Frenchie,4a7aa4af-c383-450f-b99b-373cfca8983b,15.0,50000.0,3720,,,,,,,,,,
2026-07-01 23:52:38 UTC,26,1cc09dd6-2918-4379-b17a-562dc04857c5,Jeremiyah,Love,ARI,RB,7c04b4d7-0b19-4507-8e9f-913f0bc64b6d,573a5e56-73ca-4979-a46a-28d1fb2a8869,,12,,Best Ball Mania VII,deb0e69e-d357-4f7e-affa-2d5b8a726da8,25.0,15000000.0,672336,,,,,,,,,,
2026-04-30 00:29:53 UTC,26,02c7a4a9-1a8c-43b9-9b1c-d3eba62cfa47,George,Pickens,DAL,WR,cc7dd979-a980-4510-9e69-8c31e7fbd3fc,1eb32a63-95bc-45ab-b4e3-62a51b6d46dd,,12,,The Puppy,b42dca9a-7a0c-4c32-963d-a0ddfe179e0a,5.0,1000000.0,225000,,,,,,,,,,
2026-05-24 21:22:46 UTC,33,15a3bde4-5f94-46b8-9b44-928336c230fd,Breece,Hall,NYJ,RB,ec7f936c-3415-459d-88b6-29a4b4d7ecc8,4e00a9b7-5c72-4a4d-ba72-139da9a8e46c,,12,,The Pit Bull,f6f05181-3ff0-49e8-888e-b1cb18eb63a1,20.0,500000.0,28080,,,,,,,,,,
2026-06-30 21:20:17 UTC,131,9077a1e5-ae83-43f2-ad88-8e44df2d6f4d,Jake,Ferguson,DAL,TE,97fa549a-2fd2-4ebe-9071-2c48cb9d9cae,bc7a1cd8-4613-48dd-97ec-1400b5bbb6a2,,12,,The Little Dalmatian,9be71122-4880-4cb8-afa7-f508779bd554,1.0,100000.0,112800,,,,,,,,,,
2026-04-27 21:17:31 UTC,192,4f3c5505-9940-4dfc-bc57-603892bccb40,Germie,Bernard,PIT,WR,5b5fddd4-161a-4958-b2ff-9f9570d277ed,4ea19481-bcf6-4061-8709-1011a29e59d3,,12,,Best Ball Mania VII,deb0e69e-d357-4f7e-affa-2d5b8a726da8,25.0,15000000.0,672336,,,,,,,,,,
2026-06-20 03:07:43 UTC,203,a2a2da64-8443-4c7d-a1ce-835f30eca698,Elijah,Sarratt,BAL,WR,fc0705d2-2946-4467-b5bf-e615c597292f,b9906f44-456a-4789-840b-677404101d5e,,12,,The Puppy 2,e9f88543-f815-4db2-a076-1271fb35160c,5.0,1000000.0,225000,,,,,,,,,,
2026-05-30 16:18:04 UTC,18,2b821176-4aeb-4159-b49e-c87dfc4a25d9,Drake,London,ATL,WR,4a756ff0-2931-40b3-857d-bcda46c63eaf,42bf770f-244e-4fac-9988-b29cf78ebdd1,,12,,The Pomeranian,dc6e77f6-581c-45a7-9bcf-0932e628037e,3.0,300000.0,112800,,,,,,,,,,
2026-06-30 21:07:27 UTC,23,2955db5c-a718-4e9b-a9bf-c9c51a1a4c11,Trey,McBride,ARI,TE,a2685405-d4d0-4a4f-ba7a-82a3af77d83b,3c44495f-eda8-4def-9afd-03357d5d4972,,12,,The Little Dalmatian,9be71122-4880-4cb8-afa7-f508779bd554,1.0,100000.0,112800,,,,,,,,,,
2026-04-27 20:46:25 UTC,25,91204d39-aa4f-4927-9728-3c80fde04371,Brock,Bowers,LV,TE,5b5fddd4-161a-4958-b2ff-9f9570d277ed,4ea19481-bcf6-4061-8709-1011a29e59d3,,12,,Best Ball Mania VII,deb0e69e-d357-4f7e-affa-2d5b8a726da8,25.0,15000000.0,672336,,,,,,,,,,
2026-05-19 01:55:09 UTC,171,0c7ec0aa-bc36-49d5-a402-0cb26a244803,AJ,Barner,SEA,TE,467c48a4-416e-4110-b26c-ed87c22e5507,49229e31-9a86-4620-ad69-c8f88405d26a,,12,,The Frenchie 3,f862a116-a69f-4db7-aeaf-29155b579be7,10.0,50000.0,5616,,,,,,,,,,
2026-04-27 21:17:37 UTC,193,578083fd-28b7-4f25-9ab5-76dac063ab44,Kayshon,Boutte,NE,WR,5b5fddd4-161a-4958-b2ff-9f9570d277ed,4ea19481-bcf6-4061-8709-1011a29e59d3,,12,,Best Ball Mania VII,deb0e69e-d357-4f7e-affa-2d5b8a726da8,25.0,15000000.0,672336,,,,,,,,,,
2026-07-01 21:02:11 UTC,99,a732f00b-cb01-4c0d-8b64-6d8b605bf45f,Brock,Purdy,SF,QB,adceec9f-5f0a-4eb4-8204-d8745c3c8374,f7a23d8d-6aaf-4902-8fed-d7b6e3fcaf8a,,12,,Best Ball Mania VII,deb0e69e-d357-4f7e-affa-2d5b8a726da8,25.0,15000000.0,672336,,,,,,,,,,
2026-07-01 20:26:21 UTC,129,2a053c32-61bf-40b3-95b7-3ab291a52d72,Baker,Mayfield,TB,QB,c24b3ba9-8cc2-464c-9e9d-b41415df5fde,12a32a52-1277-49f1-9dc6-46016e4d9ce4,,12,,Best Ball Mania VII,deb0e69e-d357-4f7e-affa-2d5b8a726da8,25.0,15000000.0,672336,,,,,,,,,,
2026-07-04 03:11:39 UTC,152,5d942e20-efde-4e9b-b4be-8112da68037a,Denzel,Boston,CLE,WR,41783140-10e9-431a-bd99-1d44fe5f3576,3eb75318-562b-43f3-8562-aff216ae2724,,12,,Best Ball Mania VII,deb0e69e-d357-4f7e-affa-2d5b8a726da8,25.0,15000000.0,672336,,,,,,,,,,
2026-06-30 20:45:29 UTC,143,e08333f4-72da-4d6b-8a4a-7258093eda3c,C.J.,Stroud,HOU,QB,c6b80e46-44d6-4446-8b92-04a69a71c79b,ef27d9db-d06c-4c32-a278-d7eebf99b27d,,12,,The Little Dalmatian,9be71122-4880-4cb8-afa7-f508779bd554,1.0,100000.0,112800,,,,,,,,,,
2026-06-27 01:31:15 UTC,124,28528dbe-2b54-4e90-8daf-b40ff16f4fcb,Romeo,Doubs,NE,WR,8d9fd882-6280-4862-8289-8c81f97a29fb,86373a61-b505-441e-84a2-fe9879aabb06,,12,,The Poodle,74fc3940-bde1-4dbc-aeb1-36e3fc49c70d,7.0,350000.0,55800,,,,,,,,,,
2026-07-04 03:18:38 UTC,200,748b1bde-0acf-4e4d-bc1d-a634c3188c20,Ja'Kobi,Lane,BAL,WR,41783140-10e9-431a-bd99-1d44fe5f3576,3eb75318-562b-43f3-8562-aff216ae2724,,12,,Best Ball Mania VII,deb0e69e-d357-4f7e-affa-2d5b8a726da8,25.0,15000000.0,672336,,,,,,,,,,
2026-06-30 16:12:44 UTC,4,cedb5dc7-eb8d-4928-bf85-aea13ee90967,Puka,Nacua,LAR,WR,99e0a524-535d-4697-a0ec-96f672de3dab,04c3c42f-a536-438c-811d-9a168f4304dd,,12,,The Little Dalmatian,9be71122-4880-4cb8-afa7-f508779bd554,1.0,100000.0,112800,,,,,,,,,,
2026-04-27 20:46:21 UTC,24,bcd9dd40-142a-4f3c-b47e-654117d32658,Nico,Collins,HOU,WR,5b5fddd4-161a-4958-b2ff-9f9570d277ed,4ea19481-bcf6-4061-8709-1011a29e59d3,,12,,Best Ball Mania VII,deb0e69e-d357-4f7e-affa-2d5b8a726da8,25.0,15000000.0,672336,,,,,,,,,,
2026-07-01 20:31:30 UTC,160,77b3cf07-cf9b-4068-832f-4f787e7e7259,De'Zhaun,Stribling,SF,WR,c24b3ba9-8cc2-464c-9e9d-b41415df5fde,12a32a52-1277-49f1-9dc6-46016e4d9ce4,,12,,Best Ball Mania VII,deb0e69e-d357-4f7e-affa-2d5b8a726da8,25.0,15000000.0,672336,,,,,,,,,,
2026-06-27 01:58:31 UTC,38,a3a3a72e-899e-4bbb-962d-dd308af3a320,Tetairoa,McMillan,CAR,WR,a86c4493-d380-49ad-9e7f-2c97dd59ecc0,001a694a-1bd0-46e8-8234-beef750e259b,,12,,The Frenchie 7,b67b7b55-004c-4cee-9c2d-c223e6eea3f9,20.0,50000.0,2808,,,,,,,,,,
2026-06-27 19:16:21 UTC,176,d53f8a01-f0d6-441b-b85a-d69b2095642d,Tre',Harris,LAC,WR,e729fd0a-84da-4388-9a97-f005c119292c,62779072-7688-4f57-82f0-ac631dab5f4d,,12,,The Poodle,74fc3940-bde1-4dbc-aeb1-36e3fc49c70d,7.0,350000.0,55800,,,,,,,,,,
2026-06-13 20:35:26 UTC,123,48fe455e-166b-42f0-8c77-9b6a9d03d251,Wan'Dale,Robinson,TEN,WR,dcdd70a5-307a-4539-b829-043852012e3a,3dc1001a-cb14-474f-9984-4c08fd16ab4c,,12,,The Frenchie 6,fb385198-3437-4c2e-aa39-efca53e73c60,8.0,50000.0,7020,,,,,,,,,,
2026-06-07 16:57:05 UTC,203,97ac300b-1153-4a8d-ac58-47f85d74cd51,Pat,Bryant,DEN,WR,07a61fec-0cd9-4f61-bd79-e7cecd910090,e471f89f-1103-4c38-8bd7-592c002e727c,,12,,The Frenchie 5,97e0d089-6357-4fe3-9875-49e1d99ca74a,2.0,50000.0,28200,,,,,,,,,,
2026-07-01 20:15:45 UTC,64,986f5827-6ed9-4992-9c64-df54cc33c2b2,Jayden,Daniels,WAS,QB,c24b3ba9-8cc2-464c-9e9d-b41415df5fde,12a32a52-1277-49f1-9dc6-46016e4d9ce4,,12,,Best Ball Mania VII,deb0e69e-d357-4f7e-affa-2d5b8a726da8,25.0,15000000.0,672336,,,,,,,,,,
2026-06-27 16:36:44 UTC,165,7d7766b7-6c5c-4a3f-9d89-adda8940df3d,Deebo,Samuel,,WR,0127974d-50ed-49b5-926f-053b77094d4b,ea7c3697-aac3-4ac7-9928-cb003003c914,,12,,The Poodle,74fc3940-bde1-4dbc-aeb1-36e3fc49c70d,7.0,350000.0,55800,,,,,,,,,,
2026-06-30 21:19:55 UTC,119,0b41b52c-c6f3-43bd-a655-35023705d92e,KC,Concepcion,CLE,WR,8d6a404e-75d0-46e0-b160-95044ca05255,3a86e85d-490f-44a4-aa4b-6e22b69d33b6,,12,,The Little Dalmatian,9be71122-4880-4cb8-afa7-f508779bd554,1.0,100000.0,112800,,,,,,,,,,
2026-06-07 16:34:09 UTC,62,7d59fc1e-990c-4002-994f-3c5e32b058ca,Jordyn,Tyson,NO,WR,07a61fec-0cd9-4f61-bd79-e7cecd910090,e471f89f-1103-4c38-8bd7-592c002e727c,,12,,The Frenchie 5,97e0d089-6357-4fe3-9875-49e1d99ca74a,2.0,50000.0,28200,,,,,,,,,,
2026-06-18 01:04:04 UTC,157,a59c3f47-ac4f-4bbc-8ea0-4b0afe04b9dc,Kenyon,Sadiq,NYJ,TE,5f3635e6-00c0-4e05-8061-2f120307809c,c67f0a85-75e3-4ed8-90ed-9652d1d31f0f,,12,,The Puppy 2,e9f88543-f815-4db2-a076-1271fb35160c,5.0,1000000.0,225000,,,,,,,,,,
2026-04-27 20:55:12 UTC,73,7c4c6c1d-bce9-45e7-9578-1eb5b4ace271,Tyler,Warren,IND,TE,5b5fddd4-161a-4958-b2ff-9f9570d277ed,4ea19481-bcf6-4061-8709-1011a29e59d3,,12,,Best Ball Mania VII,deb0e69e-d357-4f7e-affa-2d5b8a726da8,25.0,15000000.0,672336,,,,,,,,,,
2026-04-28 01:50:11 UTC,89,b63d54a7-769e-4dd3-8ba8-bc1e865afc2f,Tony,Pollard,TEN,RB,9c64b40e-bbeb-4351-a440-aab775bdd166,e1bd5b1d-1339-4425-962f-37bc39dc3ebf,,12,,The Puppy,b42dca9a-7a0c-4c32-963d-a0ddfe179e0a,5.0,1000000.0,225000,,,,,,,,,,
2026-05-07 01:47:42 UTC,143,3f365df5-b74c-451c-a67d-e3ad460752aa,Woody,Marks,HOU,RB,a114c157-0ef3-4303-a935-68360245eebd,e256afba-3e41-49ba-8206-af971735492f,,12,,The Mini Golden,49d2b4fe-fb5c-42a4-bc6a-e9b18547535a,2.0,20000.0,11280,,,,,,,,,,
2026-06-25 01:39:24 UTC,191,4f3c5505-9940-4dfc-bc57-603892bccb40,Germie,Bernard,PIT,WR,175cb4d1-f4c4-4642-a486-4095470db90c,97593f40-b53a-413a-b69f-0bb12e20df3e,,12,,The Poodle,74fc3940-bde1-4dbc-aeb1-36e3fc49c70d,7.0,350000.0,55800,,,,,,,,,,
2026-06-30 16:19:30 UTC,52,54ddd66e-ce84-4ff8-979d-6cc9e1ff78ff,TreVeyon,Henderson,NE,RB,99e0a524-535d-4697-a0ec-96f672de3dab,04c3c42f-a536-438c-811d-9a168f4304dd,,12,,The Little Dalmatian,9be71122-4880-4cb8-afa7-f508779bd554,1.0,100000.0,112800,,,,,,,,,,
2026-05-03 19:40:58 UTC,207,dbe588a1-cdaf-458e-a0b4-daa450f19bbf,Cooper,Kupp,SEA,WR,93578258-83c7-468f-8927-bf61b153d9a7,a0c6aea8-4750-4438-b561-9d5df2c0a1c0,,12,,The Puppy,b42dca9a-7a0c-4c32-963d-a0ddfe179e0a,5.0,1000000.0,225000,,,,,,,,,,
2026-06-16 18:22:42 UTC,176,8b12012c-b9e9-40d8-bb16-f4d696bb150f,Gunnar,Helm,TEN,TE,7cb24e63-0e7c-427f-86a7-ba712aee4de0,12ca49b3-d51c-4599-a3fb-c9c0779b53b5,,12,,The Pointer,263f68e0-a243-46a0-95f3-da997f476b2f,11.0,200000.0,20304,,,,,,,,,,
2026-06-18 00:56:31 UTC,109,0b41b52c-c6f3-43bd-a655-35023705d92e,KC,Concepcion,CLE,WR,5f3635e6-00c0-4e05-8061-2f120307809c,c67f0a85-75e3-4ed8-90ed-9652d1d31f0f,,12,,The Puppy 2,e9f88543-f815-4db2-a076-1271fb35160c,5.0,1000000.0,225000,,,,,,,,,,
2026-06-28 02:06:47 UTC,71,b63d54a7-769e-4dd3-8ba8-bc1e865afc2f,Tony,Pollard,TEN,RB,02211811-63df-41db-9181-34910d1fa7c1,ad19b693-0616-48d3-a661-eec35e697823,,12,,The Poodle,74fc3940-bde1-4dbc-aeb1-36e3fc49c70d,7.0,350000.0,55800,,,,,,,,,,
2026-06-27 16:29:35 UTC,117,1a21a150-0d38-4c37-a228-a81f61b16211,Jared,Goff,DET,QB,0127974d-50ed-49b5-926f-053b77094d4b,ea7c3697-aac3-4ac7-9928-cb003003c914,,12,,The Poodle,74fc3940-bde1-4dbc-aeb1-36e3fc49c70d,7.0,350000.0,55800,,,,,,,,,,
2026-07-01 20:37:45 UTC,201,13b2a45b-e31a-4bfd-b88d-a23adef97432,Jaylin,Noel,HOU,WR,c24b3ba9-8cc2-464c-9e9d-b41415df5fde,12a32a52-1277-49f1-9dc6-46016e4d9ce4,,12,,Best Ball Mania VII,deb0e69e-d357-4f7e-affa-2d5b8a726da8,25.0,15000000.0,672336,,,,,,,,,,
2026-06-14 15:40:25 UTC,153,e7734d2c-72f2-49da-91b8-6d09036794be,Oronde,Gadsden,LAC,TE,bb3d8ce0-a6dd-4b4c-a4e6-8ea1144bec7f,9a9db9d5-48f5-464f-b1f7-a11c4d42469c,,12,,The Pointer,263f68e0-a243-46a0-95f3-da997f476b2f,11.0,200000.0,20304,,,,,,,,,,
2026-06-14 21:16:03 UTC,54,9853a3b5-067e-4aee-9388-4e21fa09d7d9,Bucky,Irving,TB,RB,cc96bec4-e99d-45c3-bc46-63b89879cc0c,6844d736-d85b-41bf-9d57-b826e34fe2e7,,12,,The Pointer,263f68e0-a243-46a0-95f3-da997f476b2f,11.0,200000.0,20304,,,,,,,,,,
2026-05-05 01:58:55 UTC,132,a84c94e2-eaef-4db4-b83d-08c6c6156581,Khalil,Shakir,BUF,WR,c6677334-70a3-4b26-93e8-2bfab3fa84c7,5f2705a4-4a76-4ffe-a8e9-bd0b0b067b35,,12,,The Dachshund,1f35c88b-e5c4-4b8c-b42a-db74f55d7a18,8.0,200000.0,28080,,,,,,,,,,
2026-04-27 21:55:57 UTC,69,8abc1bed-0838-40ba-8959-45444bf778a5,RJ,Harvey,DEN,RB,e8d64591-3f6d-4d66-bb7d-792292fc03e2,3a5a34c4-4d64-4e39-8ea0-5373b998851b,,12,,The Puppy,b42dca9a-7a0c-4c32-963d-a0ddfe179e0a,5.0,1000000.0,225000,,,,,,,,,,
2026-06-26 22:07:58 UTC,20,2b821176-4aeb-4159-b49e-c87dfc4a25d9,Drake,London,ATL,WR,e4521940-bfbc-4096-b0ee-f6e05d2b348f,3219288e-9a5c-4032-865d-90e021bdc5e0,,12,,The Poodle,74fc3940-bde1-4dbc-aeb1-36e3fc49c70d,7.0,350000.0,55800,,,,,,,,,,
2026-04-27 22:04:31 UTC,124,e08333f4-72da-4d6b-8a4a-7258093eda3c,C.J.,Stroud,HOU,QB,e8d64591-3f6d-4d66-bb7d-792292fc03e2,3a5a34c4-4d64-4e39-8ea0-5373b998851b,,12,,The Puppy,b42dca9a-7a0c-4c32-963d-a0ddfe179e0a,5.0,1000000.0,225000,,,,,,,,,,
2026-06-28 02:29:10 UTC,191,4f3c5505-9940-4dfc-bc57-603892bccb40,Germie,Bernard,PIT,WR,02211811-63df-41db-9181-34910d1fa7c1,ad19b693-0616-48d3-a661-eec35e697823,,12,,The Poodle,74fc3940-bde1-4dbc-aeb1-36e3fc49c70d,7.0,350000.0,55800,,,,,,,,,,
2026-06-16 02:10:17 UTC,47,35636630-0a9c-41d1-a63e-14c33291ebf7,Emeka,Egbuka,TB,WR,8bc1b5b9-1778-4802-9b94-52d59f8f0cb2,101f183f-2a0c-471e-b987-d67e723dbad8,,12,,The Puppy 2,e9f88543-f815-4db2-a076-1271fb35160c,5.0,1000000.0,225000,,,,,,,,,,
2026-07-04 03:02:21 UTC,89,8b881421-a482-4cae-83bd-a19a96ec5eda,Rico,Dowdle,PIT,RB,41783140-10e9-431a-bd99-1d44fe5f3576,3eb75318-562b-43f3-8562-aff216ae2724,,12,,Best Ball Mania VII,deb0e69e-d357-4f7e-affa-2d5b8a726da8,25.0,15000000.0,672336,,,,,,,,,,
2026-05-30 16:31:12 UTC,114,eb7d78fd-a58f-49f4-a5c6-6e75cf6903c0,Aaron,Jones,MIN,RB,4a756ff0-2931-40b3-857d-bcda46c63eaf,42bf770f-244e-4fac-9988-b29cf78ebdd1,,12,,The Pomeranian,dc6e77f6-581c-45a7-9bcf-0932e628037e,3.0,300000.0,112800,,,,,,,,,,
2026-06-27 16:27:03 UTC,100,fbe947d5-246f-4e65-9c82-fe7480240b81,Blake,Corum,LAR,RB,0127974d-50ed-49b5-926f-053b77094d4b,ea7c3697-aac3-4ac7-9928-cb003003c914,,12,,The Poodle,74fc3940-bde1-4dbc-aeb1-36e3fc49c70d,7.0,350000.0,55800,,,,,,,,,,
2026-06-17 23:02:42 UTC,142,3f365df5-b74c-451c-a67d-e3ad460752aa,Woody,Marks,HOU,RB,c86fdc40-9150-425e-8b6d-3fa9413a3d63,58ba5202-112d-4b45-9e12-c64d3018c462,,12,,The Puppy 2,e9f88543-f815-4db2-a076-1271fb35160c,5.0,1000000.0,225000,,,,,,,,,,
2026-06-30 21:04:22 UTC,2,25cbfc55-cb8a-4589-85de-e91870f65952,Bijan,Robinson,ATL,RB,a2685405-d4d0-4a4f-ba7a-82a3af77d83b,3c44495f-eda8-4def-9afd-03357d5d4972,,12,,The Little Dalmatian,9be71122-4880-4cb8-afa7-f508779bd554,1.0,100000.0,112800,,,,,,,,,,
2026-05-30 19:06:45 UTC,170,da4bbb87-fe7f-4d65-9cbe-c3085d2cbfc1,Dylan,Sampson,CLE,RB,ba81aa92-671b-4c44-bdb4-e62f3cd70227,66b74861-8269-43d6-a4ba-37da26d1fa55,,12,,The Frenchie 4,29e5e908-c1d9-44d9-87e7-7873093259d4,30.0,50000.0,1872,,,,,,,,,,
2026-06-28 03:08:02 UTC,104,77e88416-ec46-49cf-9997-ee83acddb499,Harold,Fannin,CLE,TE,3f662d0c-53c7-4824-af8a-337f6aa31cdb,94203baa-4cc4-4381-a4ec-d3dcbd449244,,12,,The Poodle,74fc3940-bde1-4dbc-aeb1-36e3fc49c70d,7.0,350000.0,55800,,,,,,,,,,
2026-06-16 18:19:18 UTC,152,4d3349f4-94a4-4d53-bdcb-8d754c37a315,Juwan,Johnson,NO,TE,7cb24e63-0e7c-427f-86a7-ba712aee4de0,12ca49b3-d51c-4599-a3fb-c9c0779b53b5,,12,,The Pointer,263f68e0-a243-46a0-95f3-da997f476b2f,11.0,200000.0,20304,,,,,,,,,,
2026-06-13 20:34:13 UTC,118,eb7d78fd-a58f-49f4-a5c6-6e75cf6903c0,Aaron,Jones,MIN,RB,dcdd70a5-307a-4539-b829-043852012e3a,3dc1001a-cb14-474f-9984-4c08fd16ab4c,,12,,The Frenchie 6,fb385198-3437-4c2e-aa39-efca53e73c60,8.0,50000.0,7020,,,,,,,,,,
2026-07-02 00:00:04 UTC,74,7c4c6c1d-bce9-45e7-9578-1eb5b4ace271,Tyler,Warren,IND,TE,7c04b4d7-0b19-4507-8e9f-913f0bc64b6d,573a5e56-73ca-4979-a46a-28d1fb2a8869,,12,,Best Ball Mania VII,deb0e69e-d357-4f7e-affa-2d5b8a726da8,25.0,15000000.0,672336,,,,,,,,,,
2026-06-25 01:24:54 UTC,95,8a17ba41-08bf-455e-852c-e5f9776021af,Patrick,Mahomes,KC,QB,175cb4d1-f4c4-4642-a486-4095470db90c,97593f40-b53a-413a-b69f-0bb12e20df3e,,12,,The Poodle,74fc3940-bde1-4dbc-aeb1-36e3fc49c70d,7.0,350000.0,55800,,,,,,,,,,
2026-05-07 01:26:20 UTC,26,01714e65-49e3-4185-8e4a-6a7ae051d5bf,Josh,Jacobs,GB,RB,a114c157-0ef3-4303-a935-68360245eebd,e256afba-3e41-49ba-8206-af971735492f,,12,,The Mini Golden,49d2b4fe-fb5c-42a4-bc6a-e9b18547535a,2.0,20000.0,11280,,,,,,,,,,
2026-06-30 21:17:21 UTC,42,667ca3ed-1519-414d-83e0-30bf2dc21162,Luther,Burden,CHI,WR,aa9014c1-bc8e-48b8-bc90-f528f4f2813f,c3114e6d-dc2c-4910-be08-0943e5f89ccd,,12,,The Little Dalmatian,9be71122-4880-4cb8-afa7-f508779bd554,1.0,100000.0,112800,,,,,,,,,,
2026-07-01 20:27:19 UTC,136,9b6b5dd5-bcdf-4155-aa42-9b6c948e851e,Omar,Cooper,NYJ,WR,c24b3ba9-8cc2-464c-9e9d-b41415df5fde,12a32a52-1277-49f1-9dc6-46016e4d9ce4,,12,,Best Ball Mania VII,deb0e69e-d357-4f7e-affa-2d5b8a726da8,25.0,15000000.0,672336,,,,,,,,,,
2026-05-29 20:17:04 UTC,95,fbe947d5-246f-4e65-9c82-fe7480240b81,Blake,Corum,LAR,RB,51a296f1-cf02-4089-88ef-2ff01a76fc00,81b48250-81c0-4439-b0d4-cb131868bdb0,,12,,The Pomeranian,dc6e77f6-581c-45a7-9bcf-0932e628037e,3.0,300000.0,112800,,,,,,,,,,
2026-06-26 22:22:56 UTC,116,b1f2f8ae-4b05-4a35-b9fb-6f5a6853e2eb,Rachaad,White,WAS,RB,e4521940-bfbc-4096-b0ee-f6e05d2b348f,3219288e-9a5c-4032-865d-90e021bdc5e0,,12,,The Poodle,74fc3940-bde1-4dbc-aeb1-36e3fc49c70d,7.0,350000.0,55800,,,,,,,,,,
2026-06-15 00:30:19 UTC,45,473889a2-a6c7-4912-9c96-1665a08877e1,Garrett,Wilson,NYJ,WR,18452539-317f-4b75-b676-c9802ab905a6,46b95838-1f8d-428f-a1f0-e37de53036b7,,12,,The Pointer,263f68e0-a243-46a0-95f3-da997f476b2f,11.0,200000.0,20304,,,,,,,,,,
2026-06-15 00:42:39 UTC,117,48fe455e-166b-42f0-8c77-9b6a9d03d251,Wan'Dale,Robinson,TEN,WR,18452539-317f-4b75-b676-c9802ab905a6,46b95838-1f8d-428f-a1f0-e37de53036b7,,12,,The Pointer,263f68e0-a243-46a0-95f3-da997f476b2f,11.0,200000.0,20304,,,,,,,,,,
2026-04-30 00:37:32 UTC,71,4aed4cc8-9362-4dd7-a829-1b2d891c445a,Alec,Pierce,IND,WR,cc7dd979-a980-4510-9e69-8c31e7fbd3fc,1eb32a63-95bc-45ab-b4e3-62a51b6d46dd,,12,,The Puppy,b42dca9a-7a0c-4c32-963d-a0ddfe179e0a,5.0,1000000.0,225000,,,,,,,,,,
2026-06-01 20:07:14 UTC,190,52947412-4003-4b6b-9660-5a2aa4ca1bd7,Calvin,Ridley,TEN,WR,11652228-7947-40ec-b183-cd5cfd3e3eff,74b6cfcc-b259-47a5-b8ab-ca350ccb35d9,,12,,The Hound Dog,9f0acdc2-c088-4acb-beab-2c5399bf6d6a,6.0,100000.0,18600,,,,,,,,,,
2026-06-30 20:26:26 UTC,3,e05bf051-69f3-4483-8ce3-20b365a19cac,Ja'Marr,Chase,CIN,WR,fd0eb170-a9b3-46b3-9dc0-cdf7ca546f12,47c9f223-0f07-4f52-bb15-337d1c09cd61,,12,,The Little Dalmatian,9be71122-4880-4cb8-afa7-f508779bd554,1.0,100000.0,112800,,,,,,,,,,
2026-06-22 04:36:42 UTC,195,6d395b73-b5be-494d-83e5-7b8b73bda0b8,Brandon,Aiyuk,SF,WR,c86fdc40-9150-425e-8b6d-3fa9413a3d63,58ba5202-112d-4b45-9e12-c64d3018c462,,12,,The Puppy 2,e9f88543-f815-4db2-a076-1271fb35160c,5.0,1000000.0,225000,,,,,,,,,,
2026-06-30 16:18:29 UTC,45,fdd6ca8b-286d-4eb3-86e0-d2f970f6fa9c,Jaylen,Waddle,DEN,WR,99e0a524-535d-4697-a0ec-96f672de3dab,04c3c42f-a536-438c-811d-9a168f4304dd,,12,,The Little Dalmatian,9be71122-4880-4cb8-afa7-f508779bd554,1.0,100000.0,112800,,,,,,,,,,
2026-05-30 16:39:50 UTC,175,268e4c6c-716d-467c-856a-1297e1c743cf,Cade,Otton,TB,TE,4a756ff0-2931-40b3-857d-bcda46c63eaf,42bf770f-244e-4fac-9988-b29cf78ebdd1,,12,,The Pomeranian,dc6e77f6-581c-45a7-9bcf-0932e628037e,3.0,300000.0,112800,,,,,,,,,,
2026-06-27 16:33:03 UTC,141,92537de5-d0be-45ec-b8ad-bf0ee3ddce60,Jalen,McMillan,TB,WR,0127974d-50ed-49b5-926f-053b77094d4b,ea7c3697-aac3-4ac7-9928-cb003003c914,,12,,The Poodle,74fc3940-bde1-4dbc-aeb1-36e3fc49c70d,7.0,350000.0,55800,,,,,,,,,,
2026-05-03 19:40:04 UTC,202,ae5ffec8-ddb5-44de-bfbe-0ac08be1c2ae,Ted,Hurst,TB,WR,93578258-83c7-468f-8927-bf61b153d9a7,a0c6aea8-4750-4438-b561-9d5df2c0a1c0,,12,,The Puppy,b42dca9a-7a0c-4c32-963d-a0ddfe179e0a,5.0,1000000.0,225000,,,,,,,,,,
2026-06-16 02:32:07 UTC,191,4f3c5505-9940-4dfc-bc57-603892bccb40,Germie,Bernard,PIT,WR,8bc1b5b9-1778-4802-9b94-52d59f8f0cb2,101f183f-2a0c-471e-b987-d67e723dbad8,,12,,The Puppy 2,e9f88543-f815-4db2-a076-1271fb35160c,5.0,1000000.0,225000,,,,,,,,,,
2026-06-28 02:24:57 UTC,170,77b3cf07-cf9b-4068-832f-4f787e7e7259,De'Zhaun,Stribling,SF,WR,02211811-63df-41db-9181-34910d1fa7c1,ad19b693-0616-48d3-a661-eec35e697823,,12,,The Poodle,74fc3940-bde1-4dbc-aeb1-36e3fc49c70d,7.0,350000.0,55800,,,,,,,,,,
2026-06-13 20:01:46 UTC,170,7d7766b7-6c5c-4a3f-9d89-adda8940df3d,Deebo,Samuel,,WR,beeb1ab6-ef30-43a7-8d66-3bd7ad90167b,9db2dfa3-a3a0-488f-b7fd-d54e71621df8,,12,,The Frenchie 6,fb385198-3437-4c2e-aa39-efca53e73c60,8.0,50000.0,7020,,,,,,,,,,
2026-05-03 19:25:59 UTC,106,11fab77a-8096-44ac-a426-6b8c9fddc723,Kyle,Pitts,ATL,TE,93578258-83c7-468f-8927-bf61b153d9a7,a0c6aea8-4750-4438-b561-9d5df2c0a1c0,,12,,The Puppy,b42dca9a-7a0c-4c32-963d-a0ddfe179e0a,5.0,1000000.0,225000,,,,,,,,,,
2026-06-24 04:11:50 UTC,214,9ff86d7b-4419-4124-b7f7-45e95948cd07,Malik,Washington,MIA,WR,c86fdc40-9150-425e-8b6d-3fa9413a3d63,58ba5202-112d-4b45-9e12-c64d3018c462,,12,,The Puppy 2,e9f88543-f815-4db2-a076-1271fb35160c,5.0,1000000.0,225000,,,,,,,,,,
2026-05-24 21:28:33 UTC,64,f5231907-10c2-4638-83c2-43ec8f3394c3,Joe,Burrow,CIN,QB,ec7f936c-3415-459d-88b6-29a4b4d7ecc8,4e00a9b7-5c72-4a4d-ba72-139da9a8e46c,,12,,The Pit Bull,f6f05181-3ff0-49e8-888e-b1cb18eb63a1,20.0,500000.0,28080,,,,,,,,,,
2026-05-07 01:55:57 UTC,191,9e0fd3fb-73c5-4f37-b250-1b768168bbf1,Antonio,Williams,WAS,WR,a114c157-0ef3-4303-a935-68360245eebd,e256afba-3e41-49ba-8206-af971735492f,,12,,The Mini Golden,49d2b4fe-fb5c-42a4-bc6a-e9b18547535a,2.0,20000.0,11280,,,,,,,,,,
2026-05-30 18:59:09 UTC,119,b44b6d29-a02e-48ae-9b60-1f2202464ba9,Jonathon,Brooks,CAR,RB,ba81aa92-671b-4c44-bdb4-e62f3cd70227,66b74861-8269-43d6-a4ba-37da26d1fa55,,12,,The Frenchie 4,29e5e908-c1d9-44d9-87e7-7873093259d4,30.0,50000.0,1872,,,,,,,,,,
2026-05-03 19:33:55 UTC,159,86e4ae73-0fb9-4cbe-a457-71f3f7ea2a22,Travis,Hunter,JAX,WR,93578258-83c7-468f-8927-bf61b153d9a7,a0c6aea8-4750-4438-b561-9d5df2c0a1c0,,12,,The Puppy,b42dca9a-7a0c-4c32-963d-a0ddfe179e0a,5.0,1000000.0,225000,,,,,,,,,,
2026-05-24 21:24:40 UTC,40,6f55c5db-6322-482c-a15b-4d659d3bb07d,Tee,Higgins,CIN,WR,ec7f936c-3415-459d-88b6-29a4b4d7ecc8,4e00a9b7-5c72-4a4d-ba72-139da9a8e46c,,12,,The Pit Bull,f6f05181-3ff0-49e8-888e-b1cb18eb63a1,20.0,500000.0,28080,,,,,,,,,,
2026-06-30 21:33:43 UTC,215,6ad094f1-6730-4225-872e-60def37f1efd,Evan,Engram,DEN,TE,8d6a404e-75d0-46e0-b160-95044ca05255,3a86e85d-490f-44a4-aa4b-6e22b69d33b6,,12,,The Little Dalmatian,9be71122-4880-4cb8-afa7-f508779bd554,1.0,100000.0,112800,,,,,,,,,,
2026-06-30 21:27:21 UTC,167,d53f8a01-f0d6-441b-b85a-d69b2095642d,Tre',Harris,LAC,WR,8d6a404e-75d0-46e0-b160-95044ca05255,3a86e85d-490f-44a4-aa4b-6e22b69d33b6,,12,,The Little Dalmatian,9be71122-4880-4cb8-afa7-f508779bd554,1.0,100000.0,112800,,,,,,,,,,
2026-04-27 22:03:28 UTC,117,a8f22078-bf09-44cc-882f-b151b0f5d18d,Tyler,Shough,NO,QB,e8d64591-3f6d-4d66-bb7d-792292fc03e2,3a5a34c4-4d64-4e39-8ea0-5373b998851b,,12,,The Puppy,b42dca9a-7a0c-4c32-963d-a0ddfe179e0a,5.0,1000000.0,225000,,,,,,,,,,
2026-06-30 21:05:39 UTC,14,57c18f3f-4ec5-4e23-9fb1-ea9b9d35ea95,Kenneth,Walker III,KC,RB,97fa549a-2fd2-4ebe-9071-2c48cb9d9cae,bc7a1cd8-4613-48dd-97ec-1400b5bbb6a2,,12,,The Little Dalmatian,9be71122-4880-4cb8-afa7-f508779bd554,1.0,100000.0,112800,,,,,,,,,,
2026-06-30 20:48:43 UTC,167,9fd3effd-2d57-43d1-9da9-118e0aa3689b,Dalton,Schultz,HOU,TE,c6b80e46-44d6-4446-8b92-04a69a71c79b,ef27d9db-d06c-4c32-a278-d7eebf99b27d,,12,,The Little Dalmatian,9be71122-4880-4cb8-afa7-f508779bd554,1.0,100000.0,112800,,,,,,,,,,
2026-05-18 17:37:35 UTC,195,3a013faa-4c46-49e8-bc5d-54d3a9803c1e,Sean,Tucker,TB,RB,a9506484-351b-44dd-91cf-c8f8e9ecda9d,155fb692-2a8a-4c9d-84b5-21f4eab042e7,,12,,The Frenchie 3,f862a116-a69f-4db7-aeaf-29155b579be7,10.0,50000.0,5616,,,,,,,,,,
2026-06-01 19:42:51 UTC,46,4b14baf1-115c-4fde-b12b-fa3ec53ab612,David,Montgomery,HOU,RB,11652228-7947-40ec-b183-cd5cfd3e3eff,74b6cfcc-b259-47a5-b8ab-ca350ccb35d9,,12,,The Hound Dog,9f0acdc2-c088-4acb-beab-2c5399bf6d6a,6.0,100000.0,18600,,,,,,,,,,
2026-05-30 16:41:07 UTC,186,ae5ffec8-ddb5-44de-bfbe-0ac08be1c2ae,Ted,Hurst,TB,WR,4a756ff0-2931-40b3-857d-bcda46c63eaf,42bf770f-244e-4fac-9988-b29cf78ebdd1,,12,,The Pomeranian,dc6e77f6-581c-45a7-9bcf-0932e628037e,3.0,300000.0,112800,,,,,,,,,,
2026-06-15 00:15:29 UTC,131,db550ba6-f791-445d-a02c-65d4b8967c52,Mark,Andrews,BAL,TE,fc0705d2-2946-4467-b5bf-e615c597292f,b9906f44-456a-4789-840b-677404101d5e,,12,,The Puppy 2,e9f88543-f815-4db2-a076-1271fb35160c,5.0,1000000.0,225000,,,,,,,,,,
2026-07-04 22:57:53 UTC,161,a59c3f47-ac4f-4bbc-8ea0-4b0afe04b9dc,Kenyon,Sadiq,NYJ,TE,c1f4fd53-680b-4da0-8624-96a3d6475642,e34f2394-2e6e-429f-941b-961e2e8db3fa,,12,,The Chihuahua,9482f23f-3368-461d-83bd-7c706ffba069,4.0,250000.0,70308,,,,,,,,,,
2026-06-30 20:42:38 UTC,123,58a9eb5e-0e5a-43e0-8a84-f29aaab96c0e,Dalton,Kincaid,BUF,TE,fd0eb170-a9b3-46b3-9dc0-cdf7ca546f12,47c9f223-0f07-4f52-bb15-337d1c09cd61,,12,,The Little Dalmatian,9be71122-4880-4cb8-afa7-f508779bd554,1.0,100000.0,112800,,,,,,,,,,
2026-06-13 20:49:55 UTC,214,748b1bde-0acf-4e4d-bc1d-a634c3188c20,Ja'Kobi,Lane,BAL,WR,dcdd70a5-307a-4539-b829-043852012e3a,3dc1001a-cb14-474f-9984-4c08fd16ab4c,,12,,The Frenchie 6,fb385198-3437-4c2e-aa39-efca53e73c60,8.0,50000.0,7020,,,,,,,,,,
2026-05-07 00:32:47 UTC,165,77b3cf07-cf9b-4068-832f-4f787e7e7259,De'Zhaun,Stribling,SF,WR,b22a71c9-dafa-420d-bc8f-9307f6f5704d,a23b9a93-c543-453f-8918-6d02c64df95c,,12,,The Mini Golden,49d2b4fe-fb5c-42a4-bc6a-e9b18547535a,2.0,20000.0,11280,,,,,,,,,,
2026-05-29 20:36:23 UTC,215,2b915546-701a-43ba-83b8-14b637feaff5,Tank,Dell,HOU,WR,51a296f1-cf02-4089-88ef-2ff01a76fc00,81b48250-81c0-4439-b0d4-cb131868bdb0,,12,,The Pomeranian,dc6e77f6-581c-45a7-9bcf-0932e628037e,3.0,300000.0,112800,,,,,,,,,,
2026-05-05 01:45:32 UTC,37,6f55c5db-6322-482c-a15b-4d659d3bb07d,Tee,Higgins,CIN,WR,c6677334-70a3-4b26-93e8-2bfab3fa84c7,5f2705a4-4a76-4ffe-a8e9-bd0b0b067b35,,12,,The Dachshund,1f35c88b-e5c4-4b8c-b42a-db74f55d7a18,8.0,200000.0,28080,,,,,,,,,,
2026-05-30 19:02:42 UTC,146,3f365df5-b74c-451c-a67d-e3ad460752aa,Woody,Marks,HOU,RB,ba81aa92-671b-4c44-bdb4-e62f3cd70227,66b74861-8269-43d6-a4ba-37da26d1fa55,,12,,The Frenchie 4,29e5e908-c1d9-44d9-87e7-7873093259d4,30.0,50000.0,1872,,,,,,,,,,
2026-06-16 01:34:17 UTC,136,58a9eb5e-0e5a-43e0-8a84-f29aaab96c0e,Dalton,Kincaid,BUF,TE,e84e4778-2727-470c-b770-a62814de28f9,81bb0394-19b2-43be-83fa-fafb44b09808,,12,,The Pointer,263f68e0-a243-46a0-95f3-da997f476b2f,11.0,200000.0,20304,,,,,,,,,,
2026-06-30 21:19:08 UTC,55,719db736-34b5-4990-ae8a-86d851f9eb37,Quinshon,Judkins,CLE,RB,aa9014c1-bc8e-48b8-bc90-f528f4f2813f,c3114e6d-dc2c-4910-be08-0943e5f89ccd,,12,,The Little Dalmatian,9be71122-4880-4cb8-afa7-f508779bd554,1.0,100000.0,112800,,,,,,,,,,
2026-06-13 20:39:45 UTC,147,233c11ab-0b40-42d2-9e1c-57b9df68969d,Sam,Darnold,SEA,QB,dcdd70a5-307a-4539-b829-043852012e3a,3dc1001a-cb14-474f-9984-4c08fd16ab4c,,12,,The Frenchie 6,fb385198-3437-4c2e-aa39-efca53e73c60,8.0,50000.0,7020,,,,,,,,,,
2026-07-04 22:52:35 UTC,128,a8f22078-bf09-44cc-882f-b151b0f5d18d,Tyler,Shough,NO,QB,c1f4fd53-680b-4da0-8624-96a3d6475642,e34f2394-2e6e-429f-941b-961e2e8db3fa,,12,,The Chihuahua,9482f23f-3368-461d-83bd-7c706ffba069,4.0,250000.0,70308,,,,,,,,,,
2026-06-27 16:18:46 UTC,45,01714e65-49e3-4185-8e4a-6a7ae051d5bf,Josh,Jacobs,GB,RB,0127974d-50ed-49b5-926f-053b77094d4b,ea7c3697-aac3-4ac7-9928-cb003003c914,,12,,The Poodle,74fc3940-bde1-4dbc-aeb1-36e3fc49c70d,7.0,350000.0,55800,,,,,,,,,,
2026-05-29 20:29:02 UTC,170,77b3cf07-cf9b-4068-832f-4f787e7e7259,De'Zhaun,Stribling,SF,WR,51a296f1-cf02-4089-88ef-2ff01a76fc00,81b48250-81c0-4439-b0d4-cb131868bdb0,,12,,The Pomeranian,dc6e77f6-581c-45a7-9bcf-0932e628037e,3.0,300000.0,112800,,,,,,,,,,
2026-06-16 01:33:18 UTC,129,a84c94e2-eaef-4db4-b83d-08c6c6156581,Khalil,Shakir,BUF,WR,e84e4778-2727-470c-b770-a62814de28f9,81bb0394-19b2-43be-83fa-fafb44b09808,,12,,The Pointer,263f68e0-a243-46a0-95f3-da997f476b2f,11.0,200000.0,20304,,,,,,,,,,
2026-06-02 16:22:52 UTC,100,2c318b1c-13a5-4722-a649-8d9c35a8f50e,Kyler,Murray,MIN,QB,d62515b7-92c9-48d2-a17c-d25afa00d06a,1b2b5ae3-9bd6-4fe7-87c1-b23f09c7dd5f,,12,,The Puppy,b42dca9a-7a0c-4c32-963d-a0ddfe179e0a,5.0,1000000.0,225000,,,,,,,,,,
2026-05-05 01:48:33 UTC,61,6e351f30-740b-4649-b1c3-28b52f7ee0a4,Bhayshul,Tuten,JAX,RB,c6677334-70a3-4b26-93e8-2bfab3fa84c7,5f2705a4-4a76-4ffe-a8e9-bd0b0b067b35,,12,,The Dachshund,1f35c88b-e5c4-4b8c-b42a-db74f55d7a18,8.0,200000.0,28080,,,,,,,,,,
2026-07-01 23:26:20 UTC,117,b1f2f8ae-4b05-4a35-b9fb-6f5a6853e2eb,Rachaad,White,WAS,RB,157c0aa8-6803-4802-b214-b18a55085899,1ba62fc7-d34e-4c81-8987-feef98922bb2,,12,,Best Ball Mania VII,deb0e69e-d357-4f7e-affa-2d5b8a726da8,25.0,15000000.0,672336,,,,,,,,,,
2026-07-04 02:49:54 UTC,8,21ec9ffa-959e-4e5e-8d64-88776b1b4150,CeeDee,Lamb,DAL,WR,41783140-10e9-431a-bd99-1d44fe5f3576,3eb75318-562b-43f3-8562-aff216ae2724,,12,,Best Ball Mania VII,deb0e69e-d357-4f7e-affa-2d5b8a726da8,25.0,15000000.0,672336,,,,,,,,,,
2026-06-07 16:54:37 UTC,182,9fd3effd-2d57-43d1-9da9-118e0aa3689b,Dalton,Schultz,HOU,TE,07a61fec-0cd9-4f61-bd79-e7cecd910090,e471f89f-1103-4c38-8bd7-592c002e727c,,12,,The Frenchie 5,97e0d089-6357-4fe3-9875-49e1d99ca74a,2.0,50000.0,28200,,,,,,,,,,
2026-04-30 00:53:07 UTC,167,7d7766b7-6c5c-4a3f-9d89-adda8940df3d,Deebo,Samuel,,WR,cc7dd979-a980-4510-9e69-8c31e7fbd3fc,1eb32a63-95bc-45ab-b4e3-62a51b6d46dd,,12,,The Puppy,b42dca9a-7a0c-4c32-963d-a0ddfe179e0a,5.0,1000000.0,225000,,,,,,,,,,
2026-06-28 02:24:27 UTC,167,7d7766b7-6c5c-4a3f-9d89-adda8940df3d,Deebo,Samuel,,WR,02211811-63df-41db-9181-34910d1fa7c1,ad19b693-0616-48d3-a661-eec35e697823,,12,,The Poodle,74fc3940-bde1-4dbc-aeb1-36e3fc49c70d,7.0,350000.0,55800,,,,,,,,,,
2026-04-27 21:04:21 UTC,120,d18a8c9c-dc6a-4ed2-af27-a631c40f0cb2,Jacory,Croskey-Merritt,WAS,RB,5b5fddd4-161a-4958-b2ff-9f9570d277ed,4ea19481-bcf6-4061-8709-1011a29e59d3,,12,,Best Ball Mania VII,deb0e69e-d357-4f7e-affa-2d5b8a726da8,25.0,15000000.0,672336,,,,,,,,,,
2026-07-01 21:17:53 UTC,195,c90c934c-9d10-4836-a138-d8ce1e2198d2,Braelon,Allen,NYJ,RB,adceec9f-5f0a-4eb4-8204-d8745c3c8374,f7a23d8d-6aaf-4902-8fed-d7b6e3fcaf8a,,12,,Best Ball Mania VII,deb0e69e-d357-4f7e-affa-2d5b8a726da8,25.0,15000000.0,672336,,,,,,,,,,
2026-06-09 13:17:31 UTC,59,9dd90ca5-f85f-4823-863c-f5fc1719835c,Lamar,Jackson,BAL,QB,fc0705d2-2946-4467-b5bf-e615c597292f,b9906f44-456a-4789-840b-677404101d5e,,12,,The Puppy 2,e9f88543-f815-4db2-a076-1271fb35160c,5.0,1000000.0,225000,,,,,,,,,,
2026-06-13 19:58:36 UTC,146,d4cb3ff5-5305-4c85-a51d-fe7136b0d10f,Isaiah,Likely,NYG,TE,beeb1ab6-ef30-43a7-8d66-3bd7ad90167b,9db2dfa3-a3a0-488f-b7fd-d54e71621df8,,12,,The Frenchie 6,fb385198-3437-4c2e-aa39-efca53e73c60,8.0,50000.0,7020,,,,,,,,,,
2026-06-30 21:27:45 UTC,179,bade36dc-92a4-4fa5-8238-c737fbceaeb4,Greg,Dulcich,MIA,TE,97fa549a-2fd2-4ebe-9071-2c48cb9d9cae,bc7a1cd8-4613-48dd-97ec-1400b5bbb6a2,,12,,The Little Dalmatian,9be71122-4880-4cb8-afa7-f508779bd554,1.0,100000.0,112800,,,,,,,,,,
2026-06-28 03:05:01 UTC,89,2b64247d-26af-48b7-bcb9-20ae6c38caee,Trevor,Lawrence,JAX,QB,3f662d0c-53c7-4824-af8a-337f6aa31cdb,94203baa-4cc4-4381-a4ec-d3dcbd449244,,12,,The Poodle,74fc3940-bde1-4dbc-aeb1-36e3fc49c70d,7.0,350000.0,55800,,,,,,,,,,
2026-06-30 21:07:19 UTC,26,1f6e0b0d-f18a-41cd-8df6-18d49ef463c1,Rashee,Rice,KC,WR,8d6a404e-75d0-46e0-b160-95044ca05255,3a86e85d-490f-44a4-aa4b-6e22b69d33b6,,12,,The Little Dalmatian,9be71122-4880-4cb8-afa7-f508779bd554,1.0,100000.0,112800,,,,,,,,,,
2026-05-01 20:21:06 UTC,46,fed6c701-5437-4965-b008-d65eb8280fea,Mike,Evans,SF,WR,c58bea11-09c9-4e5b-9d82-a2cdc152f383,f71057b8-1a09-4540-89d1-8a9011707c98,,12,,The Frenchie,4a7aa4af-c383-450f-b99b-373cfca8983b,15.0,50000.0,3720,,,,,,,,,,
2026-06-16 18:01:26 UTC,41,667ca3ed-1519-414d-83e0-30bf2dc21162,Luther,Burden,CHI,WR,7cb24e63-0e7c-427f-86a7-ba712aee4de0,12ca49b3-d51c-4599-a3fb-c9c0779b53b5,,12,,The Pointer,263f68e0-a243-46a0-95f3-da997f476b2f,11.0,200000.0,20304,,,,,,,,,,
2026-06-14 21:07:01 UTC,6,ad8c9f6a-fee3-4edf-95a9-83208575555e,Jaxon,Smith-Njigba,SEA,WR,cc96bec4-e99d-45c3-bc46-63b89879cc0c,6844d736-d85b-41bf-9d57-b826e34fe2e7,,12,,The Pointer,263f68e0-a243-46a0-95f3-da997f476b2f,11.0,200000.0,20304,,,,,,,,,,
2026-06-30 16:21:30 UTC,76,017da9b8-968f-4baa-858f-d8bbf32373ee,Rhamondre,Stevenson,NE,RB,99e0a524-535d-4697-a0ec-96f672de3dab,04c3c42f-a536-438c-811d-9a168f4304dd,,12,,The Little Dalmatian,9be71122-4880-4cb8-afa7-f508779bd554,1.0,100000.0,112800,,,,,,,,,,
2026-06-25 01:36:23 UTC,170,7d7766b7-6c5c-4a3f-9d89-adda8940df3d,Deebo,Samuel,,WR,175cb4d1-f4c4-4642-a486-4095470db90c,97593f40-b53a-413a-b69f-0bb12e20df3e,,12,,The Poodle,74fc3940-bde1-4dbc-aeb1-36e3fc49c70d,7.0,350000.0,55800,,,,,,,,,,
2026-06-30 21:17:14 UTC,107,eb7d78fd-a58f-49f4-a5c6-6e75cf6903c0,Aaron,Jones,MIN,RB,97fa549a-2fd2-4ebe-9071-2c48cb9d9cae,bc7a1cd8-4613-48dd-97ec-1400b5bbb6a2,,12,,The Little Dalmatian,9be71122-4880-4cb8-afa7-f508779bd554,1.0,100000.0,112800,,,,,,,,,,
2026-05-01 20:14:38 UTC,3,25cbfc55-cb8a-4589-85de-e91870f65952,Bijan,Robinson,ATL,RB,c58bea11-09c9-4e5b-9d82-a2cdc152f383,f71057b8-1a09-4540-89d1-8a9011707c98,,12,,The Frenchie,4a7aa4af-c383-450f-b99b-373cfca8983b,15.0,50000.0,3720,,,,,,,,,,
2026-06-13 17:42:27 UTC,17,2b821176-4aeb-4159-b49e-c87dfc4a25d9,Drake,London,ATL,WR,c8e9011c-e455-444e-ac54-5ea37d5e5ba0,d16119ee-7d13-4d22-95ae-16c787190abf,,12,,The Frenchie 6,fb385198-3437-4c2e-aa39-efca53e73c60,8.0,50000.0,7020,,,,,,,,,,
2026-06-20 02:09:05 UTC,166,05a6881d-5311-49a0-be02-83b85e831b2b,Tyjae,Spears,TEN,RB,c86fdc40-9150-425e-8b6d-3fa9413a3d63,58ba5202-112d-4b45-9e12-c64d3018c462,,12,,The Puppy 2,e9f88543-f815-4db2-a076-1271fb35160c,5.0,1000000.0,225000,,,,,,,,,,
2026-06-27 02:02:17 UTC,62,9dd90ca5-f85f-4823-863c-f5fc1719835c,Lamar,Jackson,BAL,QB,a86c4493-d380-49ad-9e7f-2c97dd59ecc0,001a694a-1bd0-46e8-8234-beef750e259b,,12,,The Frenchie 7,b67b7b55-004c-4cee-9c2d-c223e6eea3f9,20.0,50000.0,2808,,,,,,,,,,
2026-04-27 21:47:44 UTC,21,2b821176-4aeb-4159-b49e-c87dfc4a25d9,Drake,London,ATL,WR,e8d64591-3f6d-4d66-bb7d-792292fc03e2,3a5a34c4-4d64-4e39-8ea0-5373b998851b,,12,,The Puppy,b42dca9a-7a0c-4c32-963d-a0ddfe179e0a,5.0,1000000.0,225000,,,,,,,,,,
2026-07-04 02:51:47 UTC,17,57c18f3f-4ec5-4e23-9fb1-ea9b9d35ea95,Kenneth,Walker III,KC,RB,41783140-10e9-431a-bd99-1d44fe5f3576,3eb75318-562b-43f3-8562-aff216ae2724,,12,,Best Ball Mania VII,deb0e69e-d357-4f7e-affa-2d5b8a726da8,25.0,15000000.0,672336,,,,,,,,,,
2026-06-16 01:25:44 UTC,81,ef35a5ca-57be-43d7-a55b-d4d568091425,Jayden,Reed,GB,WR,e84e4778-2727-470c-b770-a62814de28f9,81bb0394-19b2-43be-83fa-fafb44b09808,,12,,The Pointer,263f68e0-a243-46a0-95f3-da997f476b2f,11.0,200000.0,20304,,,,,,,,,,
2026-05-05 02:09:53 UTC,205,dbe588a1-cdaf-458e-a0b4-daa450f19bbf,Cooper,Kupp,SEA,WR,c6677334-70a3-4b26-93e8-2bfab3fa84c7,5f2705a4-4a76-4ffe-a8e9-bd0b0b067b35,,12,,The Dachshund,1f35c88b-e5c4-4b8c-b42a-db74f55d7a18,8.0,200000.0,28080,,,,,,,,,,
2026-06-30 21:30:29 UTC,191,392cac47-00b2-4189-b006-58ebc14b23bf,Jerry,Jeudy,CLE,WR,8d6a404e-75d0-46e0-b160-95044ca05255,3a86e85d-490f-44a4-aa4b-6e22b69d33b6,,12,,The Little Dalmatian,9be71122-4880-4cb8-afa7-f508779bd554,1.0,100000.0,112800,,,,,,,,,,
2026-06-27 19:17:33 UTC,185,8b12012c-b9e9-40d8-bb16-f4d696bb150f,Gunnar,Helm,TEN,TE,e729fd0a-84da-4388-9a97-f005c119292c,62779072-7688-4f57-82f0-ac631dab5f4d,,12,,The Poodle,74fc3940-bde1-4dbc-aeb1-36e3fc49c70d,7.0,350000.0,55800,,,,,,,,,,
2026-06-09 03:25:53 UTC,51,61dc9c11-cbf2-4508-bc17-54da23abfb8d,Davante,Adams,LAR,WR,c86fdc40-9150-425e-8b6d-3fa9413a3d63,58ba5202-112d-4b45-9e12-c64d3018c462,,12,,The Puppy 2,e9f88543-f815-4db2-a076-1271fb35160c,5.0,1000000.0,225000,,,,,,,,,,
2026-04-27 20:50:47 UTC,49,4b14baf1-115c-4fde-b12b-fa3ec53ab612,David,Montgomery,HOU,RB,5b5fddd4-161a-4958-b2ff-9f9570d277ed,4ea19481-bcf6-4061-8709-1011a29e59d3,,12,,Best Ball Mania VII,deb0e69e-d357-4f7e-affa-2d5b8a726da8,25.0,15000000.0,672336,,,,,,,,,,
2026-05-19 01:40:01 UTC,75,7c4c6c1d-bce9-45e7-9578-1eb5b4ace271,Tyler,Warren,IND,TE,467c48a4-416e-4110-b26c-ed87c22e5507,49229e31-9a86-4620-ad69-c8f88405d26a,,12,,The Frenchie 3,f862a116-a69f-4db7-aeaf-29155b579be7,10.0,50000.0,5616,,,,,,,,,,
2026-07-02 00:12:32 UTC,143,f9b4b51b-3d0e-47b6-bbc4-d73ed3340f82,Daniel,Jones,IND,QB,7c04b4d7-0b19-4507-8e9f-913f0bc64b6d,573a5e56-73ca-4979-a46a-28d1fb2a8869,,12,,Best Ball Mania VII,deb0e69e-d357-4f7e-affa-2d5b8a726da8,25.0,15000000.0,672336,,,,,,,,,,
2026-05-30 18:55:34 UTC,98,77e88416-ec46-49cf-9997-ee83acddb499,Harold,Fannin,CLE,TE,ba81aa92-671b-4c44-bdb4-e62f3cd70227,66b74861-8269-43d6-a4ba-37da26d1fa55,,12,,The Frenchie 4,29e5e908-c1d9-44d9-87e7-7873093259d4,30.0,50000.0,1872,,,,,,,,,,
2026-06-01 19:38:16 UTC,22,1cc09dd6-2918-4379-b17a-562dc04857c5,Jeremiyah,Love,ARI,RB,11652228-7947-40ec-b183-cd5cfd3e3eff,74b6cfcc-b259-47a5-b8ab-ca350ccb35d9,,12,,The Hound Dog,9f0acdc2-c088-4acb-beab-2c5399bf6d6a,6.0,100000.0,18600,,,,,,,,,,
2026-05-05 02:02:33 UTC,156,7d34e47d-044c-4a44-90b4-d1ce54549cea,T.J.,Hockenson,MIN,TE,c6677334-70a3-4b26-93e8-2bfab3fa84c7,5f2705a4-4a76-4ffe-a8e9-bd0b0b067b35,,12,,The Dachshund,1f35c88b-e5c4-4b8c-b42a-db74f55d7a18,8.0,200000.0,28080,,,,,,,,,,
2026-06-16 18:12:55 UTC,113,1a21a150-0d38-4c37-a228-a81f61b16211,Jared,Goff,DET,QB,7cb24e63-0e7c-427f-86a7-ba712aee4de0,12ca49b3-d51c-4599-a3fb-c9c0779b53b5,,12,,The Pointer,263f68e0-a243-46a0-95f3-da997f476b2f,11.0,200000.0,20304,,,,,,,,,,
2026-06-06 02:00:00 UTC,31,1f6e0b0d-f18a-41cd-8df6-18d49ef463c1,Rashee,Rice,KC,WR,68edc017-58cd-470d-a1b3-268fcd2f3a54,01732e46-351b-4715-be3c-92f480ce2661,,12,,The Frenchie 5,97e0d089-6357-4fe3-9875-49e1d99ca74a,2.0,50000.0,28200,,,,,,,,,,
2026-05-30 14:00:03 UTC,76,4aed4cc8-9362-4dd7-a829-1b2d891c445a,Alec,Pierce,IND,WR,d62515b7-92c9-48d2-a17c-d25afa00d06a,1b2b5ae3-9bd6-4fe7-87c1-b23f09c7dd5f,,12,,The Puppy,b42dca9a-7a0c-4c32-963d-a0ddfe179e0a,5.0,1000000.0,225000,,,,,,,,,,
2026-06-16 17:59:49 UTC,32,64d36d44-e477-496c-8250-80bc47e1d6d6,Travis,Etienne Jr.,NO,RB,7cb24e63-0e7c-427f-86a7-ba712aee4de0,12ca49b3-d51c-4599-a3fb-c9c0779b53b5,,12,,The Pointer,263f68e0-a243-46a0-95f3-da997f476b2f,11.0,200000.0,20304,,,,,,,,,,
2026-06-01 19:43:43 UTC,51,61dc9c11-cbf2-4508-bc17-54da23abfb8d,Davante,Adams,LAR,WR,11652228-7947-40ec-b183-cd5cfd3e3eff,74b6cfcc-b259-47a5-b8ab-ca350ccb35d9,,12,,The Hound Dog,9f0acdc2-c088-4acb-beab-2c5399bf6d6a,6.0,100000.0,18600,,,,,,,,,,
2026-05-07 00:11:23 UTC,28,02c7a4a9-1a8c-43b9-9b1c-d3eba62cfa47,George,Pickens,DAL,WR,b22a71c9-dafa-420d-bc8f-9307f6f5704d,a23b9a93-c543-453f-8918-6d02c64df95c,,12,,The Mini Golden,49d2b4fe-fb5c-42a4-bc6a-e9b18547535a,2.0,20000.0,11280,,,,,,,,,,
2026-05-19 01:28:20 UTC,3,ad8c9f6a-fee3-4edf-95a9-83208575555e,Jaxon,Smith-Njigba,SEA,WR,467c48a4-416e-4110-b26c-ed87c22e5507,49229e31-9a86-4620-ad69-c8f88405d26a,,12,,The Frenchie 3,f862a116-a69f-4db7-aeaf-29155b579be7,10.0,50000.0,5616,,,,,,,,,,
2026-05-24 21:37:50 UTC,129,b079ce97-bdb3-4e94-b739-e7ba71472c39,Jordan,Mason,MIN,RB,ec7f936c-3415-459d-88b6-29a4b4d7ecc8,4e00a9b7-5c72-4a4d-ba72-139da9a8e46c,,12,,The Pit Bull,f6f05181-3ff0-49e8-888e-b1cb18eb63a1,20.0,500000.0,28080,,,,,,,,,,
2026-04-30 00:49:06 UTC,143,9e29ed5f-9125-4b00-8da2-5d01f868aa5f,Dallas,Goedert,PHI,TE,cc7dd979-a980-4510-9e69-8c31e7fbd3fc,1eb32a63-95bc-45ab-b4e3-62a51b6d46dd,,12,,The Puppy,b42dca9a-7a0c-4c32-963d-a0ddfe179e0a,5.0,1000000.0,225000,,,,,,,,,,
2026-06-18 00:52:51 UTC,84,e46168ce-4da2-4a27-8ccd-8a986b4f5e3a,DK,Metcalf,PIT,WR,5f3635e6-00c0-4e05-8061-2f120307809c,c67f0a85-75e3-4ed8-90ed-9652d1d31f0f,,12,,The Puppy 2,e9f88543-f815-4db2-a076-1271fb35160c,5.0,1000000.0,225000,,,,,,,,,,
2026-06-30 21:24:33 UTC,158,7d7766b7-6c5c-4a3f-9d89-adda8940df3d,Deebo,Samuel,,WR,97fa549a-2fd2-4ebe-9071-2c48cb9d9cae,bc7a1cd8-4613-48dd-97ec-1400b5bbb6a2,,12,,The Little Dalmatian,9be71122-4880-4cb8-afa7-f508779bd554,1.0,100000.0,112800,,,,,,,,,,
2026-06-18 00:46:03 UTC,37,01714e65-49e3-4185-8e4a-6a7ae051d5bf,Josh,Jacobs,GB,RB,5f3635e6-00c0-4e05-8061-2f120307809c,c67f0a85-75e3-4ed8-90ed-9652d1d31f0f,,12,,The Puppy 2,e9f88543-f815-4db2-a076-1271fb35160c,5.0,1000000.0,225000,,,,,,,,,,
2026-06-01 02:13:06 UTC,93,9e061e7d-b8a9-4457-903c-59e107eaea12,Michael,Wilson,ARI,WR,d62515b7-92c9-48d2-a17c-d25afa00d06a,1b2b5ae3-9bd6-4fe7-87c1-b23f09c7dd5f,,12,,The Puppy,b42dca9a-7a0c-4c32-963d-a0ddfe179e0a,5.0,1000000.0,225000,,,,,,,,,,
2026-06-30 21:10:18 UTC,47,fed6c701-5437-4965-b008-d65eb8280fea,Mike,Evans,SF,WR,a2685405-d4d0-4a4f-ba7a-82a3af77d83b,3c44495f-eda8-4def-9afd-03357d5d4972,,12,,The Little Dalmatian,9be71122-4880-4cb8-afa7-f508779bd554,1.0,100000.0,112800,,,,,,,,,,
2026-06-30 21:20:34 UTC,122,e2ea9022-a228-40b1-b668-5ac1fbe7e174,Travis,Kelce,KC,TE,8d6a404e-75d0-46e0-b160-95044ca05255,3a86e85d-490f-44a4-aa4b-6e22b69d33b6,,12,,The Little Dalmatian,9be71122-4880-4cb8-afa7-f508779bd554,1.0,100000.0,112800,,,,,,,,,,
2026-06-06 02:21:26 UTC,175,52947412-4003-4b6b-9660-5a2aa4ca1bd7,Calvin,Ridley,TEN,WR,68edc017-58cd-470d-a1b3-268fcd2f3a54,01732e46-351b-4715-be3c-92f480ce2661,,12,,The Frenchie 5,97e0d089-6357-4fe3-9875-49e1d99ca74a,2.0,50000.0,28200,,,,,,,,,,
2026-06-27 19:05:48 UTC,113,11fab77a-8096-44ac-a426-6b8c9fddc723,Kyle,Pitts,ATL,TE,e729fd0a-84da-4388-9a97-f005c119292c,62779072-7688-4f57-82f0-ac631dab5f4d,,12,,The Poodle,74fc3940-bde1-4dbc-aeb1-36e3fc49c70d,7.0,350000.0,55800,,,,,,,,,,
2026-06-01 19:59:40 UTC,142,86e4ae73-0fb9-4cbe-a457-71f3f7ea2a22,Travis,Hunter,JAX,WR,11652228-7947-40ec-b183-cd5cfd3e3eff,74b6cfcc-b259-47a5-b8ab-ca350ccb35d9,,12,,The Hound Dog,9f0acdc2-c088-4acb-beab-2c5399bf6d6a,6.0,100000.0,18600,,,,,,,,,,
2026-06-30 21:09:59 UTC,47,fed6c701-5437-4965-b008-d65eb8280fea,Mike,Evans,SF,WR,8d6a404e-75d0-46e0-b160-95044ca05255,3a86e85d-490f-44a4-aa4b-6e22b69d33b6,,12,,The Little Dalmatian,9be71122-4880-4cb8-afa7-f508779bd554,1.0,100000.0,112800,,,,,,,,,,
2026-06-30 20:30:39 UTC,27,1f6e0b0d-f18a-41cd-8df6-18d49ef463c1,Rashee,Rice,KC,WR,fd0eb170-a9b3-46b3-9dc0-cdf7ca546f12,47c9f223-0f07-4f52-bb15-337d1c09cd61,,12,,The Little Dalmatian,9be71122-4880-4cb8-afa7-f508779bd554,1.0,100000.0,112800,,,,,,,,,,
2026-07-02 00:08:19 UTC,119,a84c94e2-eaef-4db4-b83d-08c6c6156581,Khalil,Shakir,BUF,WR,7c04b4d7-0b19-4507-8e9f-913f0bc64b6d,573a5e56-73ca-4979-a46a-28d1fb2a8869,,12,,Best Ball Mania VII,deb0e69e-d357-4f7e-affa-2d5b8a726da8,25.0,15000000.0,672336,,,,,,,,,,
2026-06-14 15:23:43 UTC,40,473889a2-a6c7-4912-9c96-1665a08877e1,Garrett,Wilson,NYJ,WR,bb3d8ce0-a6dd-4b4c-a4e6-8ea1144bec7f,9a9db9d5-48f5-464f-b1f7-a11c4d42469c,,12,,The Pointer,263f68e0-a243-46a0-95f3-da997f476b2f,11.0,200000.0,20304,,,,,,,,,,
2026-05-01 20:27:45 UTC,94,8abc1bed-0838-40ba-8959-45444bf778a5,RJ,Harvey,DEN,RB,c58bea11-09c9-4e5b-9d82-a2cdc152f383,f71057b8-1a09-4540-89d1-8a9011707c98,,12,,The Frenchie,4a7aa4af-c383-450f-b99b-373cfca8983b,15.0,50000.0,3720,,,,,,,,,,
2026-06-10 23:07:14 UTC,86,8a17ba41-08bf-455e-852c-e5f9776021af,Patrick,Mahomes,KC,QB,fc0705d2-2946-4467-b5bf-e615c597292f,b9906f44-456a-4789-840b-677404101d5e,,12,,The Puppy 2,e9f88543-f815-4db2-a076-1271fb35160c,5.0,1000000.0,225000,,,,,,,,,,
2026-06-04 00:39:20 UTC,117,0b41b52c-c6f3-43bd-a655-35023705d92e,KC,Concepcion,CLE,WR,d62515b7-92c9-48d2-a17c-d25afa00d06a,1b2b5ae3-9bd6-4fe7-87c1-b23f09c7dd5f,,12,,The Puppy,b42dca9a-7a0c-4c32-963d-a0ddfe179e0a,5.0,1000000.0,225000,,,,,,,,,,
2026-06-30 21:17:35 UTC,98,f2a26eb3-26f1-4b6a-ae58-42c5ea9341e8,J.K.,Dobbins,DEN,RB,a2685405-d4d0-4a4f-ba7a-82a3af77d83b,3c44495f-eda8-4def-9afd-03357d5d4972,,12,,The Little Dalmatian,9be71122-4880-4cb8-afa7-f508779bd554,1.0,100000.0,112800,,,,,,,,,,
2026-06-13 20:09:02 UTC,215,87e7baef-4eb4-46ca-aac1-4df33d0f0ce5,Tory,Horton,SEA,WR,beeb1ab6-ef30-43a7-8d66-3bd7ad90167b,9db2dfa3-a3a0-488f-b7fd-d54e71621df8,,12,,The Frenchie 6,fb385198-3437-4c2e-aa39-efca53e73c60,8.0,50000.0,7020,,,,,,,,,,
2026-06-09 19:05:47 UTC,62,c7bcbb9b-7598-4810-982a-bfd189daf987,Jadarian,Price,SEA,RB,fc0705d2-2946-4467-b5bf-e615c597292f,b9906f44-456a-4789-840b-677404101d5e,,12,,The Puppy 2,e9f88543-f815-4db2-a076-1271fb35160c,5.0,1000000.0,225000,,,,,,,,,,
2026-06-27 19:21:44 UTC,209,c90c934c-9d10-4836-a138-d8ce1e2198d2,Braelon,Allen,NYJ,RB,e729fd0a-84da-4388-9a97-f005c119292c,62779072-7688-4f57-82f0-ac631dab5f4d,,12,,The Poodle,74fc3940-bde1-4dbc-aeb1-36e3fc49c70d,7.0,350000.0,55800,,,,,,,,,,
2026-06-01 19:35:18 UTC,3,e05bf051-69f3-4483-8ce3-20b365a19cac,Ja'Marr,Chase,CIN,WR,11652228-7947-40ec-b183-cd5cfd3e3eff,74b6cfcc-b259-47a5-b8ab-ca350ccb35d9,,12,,The Hound Dog,9f0acdc2-c088-4acb-beab-2c5399bf6d6a,6.0,100000.0,18600,,,,,,,,,,
2026-05-07 00:14:21 UTC,45,35636630-0a9c-41d1-a63e-14c33291ebf7,Emeka,Egbuka,TB,WR,b22a71c9-dafa-420d-bc8f-9307f6f5704d,a23b9a93-c543-453f-8918-6d02c64df95c,,12,,The Mini Golden,49d2b4fe-fb5c-42a4-bc6a-e9b18547535a,2.0,20000.0,11280,,,,,,,,,,
2026-07-01 20:22:29 UTC,105,77e88416-ec46-49cf-9997-ee83acddb499,Harold,Fannin,CLE,TE,c24b3ba9-8cc2-464c-9e9d-b41415df5fde,12a32a52-1277-49f1-9dc6-46016e4d9ce4,,12,,Best Ball Mania VII,deb0e69e-d357-4f7e-affa-2d5b8a726da8,25.0,15000000.0,672336,,,,,,,,,,
2026-06-06 02:23:20 UTC,186,392cac47-00b2-4189-b006-58ebc14b23bf,Jerry,Jeudy,CLE,WR,68edc017-58cd-470d-a1b3-268fcd2f3a54,01732e46-351b-4715-be3c-92f480ce2661,,12,,The Frenchie 5,97e0d089-6357-4fe3-9875-49e1d99ca74a,2.0,50000.0,28200,,,,,,,,,,
2026-05-18 17:13:22 UTC,46,4b14baf1-115c-4fde-b12b-fa3ec53ab612,David,Montgomery,HOU,RB,a9506484-351b-44dd-91cf-c8f8e9ecda9d,155fb692-2a8a-4c9d-84b5-21f4eab042e7,,12,,The Frenchie 3,f862a116-a69f-4db7-aeaf-29155b579be7,10.0,50000.0,5616,,,,,,,,,,
2026-06-30 21:04:59 UTC,11,60d2284c-5727-4476-8eaa-fa734e0d9f01,James,Cook,BUF,RB,97fa549a-2fd2-4ebe-9071-2c48cb9d9cae,bc7a1cd8-4613-48dd-97ec-1400b5bbb6a2,,12,,The Little Dalmatian,9be71122-4880-4cb8-afa7-f508779bd554,1.0,100000.0,112800,,,,,,,,,,
2026-06-28 02:33:48 UTC,215,ae3a35f7-dd56-4915-9dd6-d4b94c9e3b2e,Najee,Harris,,RB,02211811-63df-41db-9181-34910d1fa7c1,ad19b693-0616-48d3-a661-eec35e697823,,12,,The Poodle,74fc3940-bde1-4dbc-aeb1-36e3fc49c70d,7.0,350000.0,55800,,,,,,,,,,
2026-06-27 16:40:42 UTC,196,4f3c5505-9940-4dfc-bc57-603892bccb40,Germie,Bernard,PIT,WR,0127974d-50ed-49b5-926f-053b77094d4b,ea7c3697-aac3-4ac7-9928-cb003003c914,,12,,The Poodle,74fc3940-bde1-4dbc-aeb1-36e3fc49c70d,7.0,350000.0,55800,,,,,,,,,,
2026-05-24 21:31:43 UTC,88,77e88416-ec46-49cf-9997-ee83acddb499,Harold,Fannin,CLE,TE,ec7f936c-3415-459d-88b6-29a4b4d7ecc8,4e00a9b7-5c72-4a4d-ba72-139da9a8e46c,,12,,The Pit Bull,f6f05181-3ff0-49e8-888e-b1cb18eb63a1,20.0,500000.0,28080,,,,,,,,,,
2026-06-30 21:14:21 UTC,83,4aed4cc8-9362-4dd7-a829-1b2d891c445a,Alec,Pierce,IND,WR,97fa549a-2fd2-4ebe-9071-2c48cb9d9cae,bc7a1cd8-4613-48dd-97ec-1400b5bbb6a2,,12,,The Little Dalmatian,9be71122-4880-4cb8-afa7-f508779bd554,1.0,100000.0,112800,,,,,,,,,,
2026-06-14 21:26:04 UTC,102,77e88416-ec46-49cf-9997-ee83acddb499,Harold,Fannin,CLE,TE,cc96bec4-e99d-45c3-bc46-63b89879cc0c,6844d736-d85b-41bf-9d57-b826e34fe2e7,,12,,The Pointer,263f68e0-a243-46a0-95f3-da997f476b2f,11.0,200000.0,20304,,,,,,,,,,
2026-07-01 20:20:03 UTC,88,fbe947d5-246f-4e65-9c82-fe7480240b81,Blake,Corum,LAR,RB,c24b3ba9-8cc2-464c-9e9d-b41415df5fde,12a32a52-1277-49f1-9dc6-46016e4d9ce4,,12,,Best Ball Mania VII,deb0e69e-d357-4f7e-affa-2d5b8a726da8,25.0,15000000.0,672336,,,,,,,,,,
2026-06-13 20:42:51 UTC,171,7d34e47d-044c-4a44-90b4-d1ce54549cea,T.J.,Hockenson,MIN,TE,dcdd70a5-307a-4539-b829-043852012e3a,3dc1001a-cb14-474f-9984-4c08fd16ab4c,,12,,The Frenchie 6,fb385198-3437-4c2e-aa39-efca53e73c60,8.0,50000.0,7020,,,,,,,,,,
2026-06-25 01:21:25 UTC,71,96b8e2a1-4f67-4f4f-807f-861566d4461c,Jalen,Hurts,PHI,QB,175cb4d1-f4c4-4642-a486-4095470db90c,97593f40-b53a-413a-b69f-0bb12e20df3e,,12,,The Poodle,74fc3940-bde1-4dbc-aeb1-36e3fc49c70d,7.0,350000.0,55800,,,,,,,,,,
2026-05-07 01:23:14 UTC,2,25cbfc55-cb8a-4589-85de-e91870f65952,Bijan,Robinson,ATL,RB,a114c157-0ef3-4303-a935-68360245eebd,e256afba-3e41-49ba-8206-af971735492f,,12,,The Mini Golden,49d2b4fe-fb5c-42a4-bc6a-e9b18547535a,2.0,20000.0,11280,,,,,,,,,,
2026-07-04 22:45:35 UTC,89,4aed4cc8-9362-4dd7-a829-1b2d891c445a,Alec,Pierce,IND,WR,c1f4fd53-680b-4da0-8624-96a3d6475642,e34f2394-2e6e-429f-941b-961e2e8db3fa,,12,,The Chihuahua,9482f23f-3368-461d-83bd-7c706ffba069,4.0,250000.0,70308,,,,,,,,,,
2026-06-30 16:15:36 UTC,21,91204d39-aa4f-4927-9728-3c80fde04371,Brock,Bowers,LV,TE,99e0a524-535d-4697-a0ec-96f672de3dab,04c3c42f-a536-438c-811d-9a168f4304dd,,12,,The Little Dalmatian,9be71122-4880-4cb8-afa7-f508779bd554,1.0,100000.0,112800,,,,,,,,,,
2026-06-27 02:23:25 UTC,203,a2a2da64-8443-4c7d-a1ce-835f30eca698,Elijah,Sarratt,BAL,WR,a86c4493-d380-49ad-9e7f-2c97dd59ecc0,001a694a-1bd0-46e8-8234-beef750e259b,,12,,The Frenchie 7,b67b7b55-004c-4cee-9c2d-c223e6eea3f9,20.0,50000.0,2808,,,,,,,,,,
2026-06-25 01:13:45 UTC,23,91204d39-aa4f-4927-9728-3c80fde04371,Brock,Bowers,LV,TE,175cb4d1-f4c4-4642-a486-4095470db90c,97593f40-b53a-413a-b69f-0bb12e20df3e,,12,,The Poodle,74fc3940-bde1-4dbc-aeb1-36e3fc49c70d,7.0,350000.0,55800,,,,,,,,,,
2026-06-16 02:20:52 UTC,119,be568056-c66d-40fb-8c19-3185c357ced5,Matthew,Stafford,LAR,QB,8bc1b5b9-1778-4802-9b94-52d59f8f0cb2,101f183f-2a0c-471e-b987-d67e723dbad8,,12,,The Puppy 2,e9f88543-f815-4db2-a076-1271fb35160c,5.0,1000000.0,225000,,,,,,,,,,
2026-06-13 17:48:54 UTC,56,dc3bcebb-9e77-437c-9f51-57548947a981,D'Andre,Swift,CHI,RB,c8e9011c-e455-444e-ac54-5ea37d5e5ba0,d16119ee-7d13-4d22-95ae-16c787190abf,,12,,The Frenchie 6,fb385198-3437-4c2e-aa39-efca53e73c60,8.0,50000.0,7020,,,,,,,,,,
2026-06-16 02:03:32 UTC,2,cedb5dc7-eb8d-4928-bf85-aea13ee90967,Puka,Nacua,LAR,WR,8bc1b5b9-1778-4802-9b94-52d59f8f0cb2,101f183f-2a0c-471e-b987-d67e723dbad8,,12,,The Puppy 2,e9f88543-f815-4db2-a076-1271fb35160c,5.0,1000000.0,225000,,,,,,,,,,
2026-06-14 15:20:49 UTC,16,6ed8fa4f-065c-4166-bd39-81555e655948,Chase,Brown,CIN,RB,bb3d8ce0-a6dd-4b4c-a4e6-8ea1144bec7f,9a9db9d5-48f5-464f-b1f7-a11c4d42469c,,12,,The Pointer,263f68e0-a243-46a0-95f3-da997f476b2f,11.0,200000.0,20304,,,,,,,,,,
2026-06-13 20:01:34 UTC,167,84d2c2de-8b5a-41cd-a571-aa7aafcfbc06,Bryce,Young,CAR,QB,beeb1ab6-ef30-43a7-8d66-3bd7ad90167b,9db2dfa3-a3a0-488f-b7fd-d54e71621df8,,12,,The Frenchie 6,fb385198-3437-4c2e-aa39-efca53e73c60,8.0,50000.0,7020,,,,,,,,,,
2026-07-05 01:21:48 UTC,178,bade36dc-92a4-4fa5-8238-c737fbceaeb4,Greg,Dulcich,MIA,TE,82e46a8e-10dd-4fbf-9050-6575e10ab2fa,d87d5697-e8bf-4893-821b-c60562656d17,,12,,The Chihuahua,9482f23f-3368-461d-83bd-7c706ffba069,4.0,250000.0,70308,,,,,,,,,,
2026-06-27 02:20:33 UTC,182,84d2c2de-8b5a-41cd-a571-aa7aafcfbc06,Bryce,Young,CAR,QB,a86c4493-d380-49ad-9e7f-2c97dd59ecc0,001a694a-1bd0-46e8-8234-beef750e259b,,12,,The Frenchie 7,b67b7b55-004c-4cee-9c2d-c223e6eea3f9,20.0,50000.0,2808,,,,,,,,,,
2026-04-30 00:49:19 UTC,146,84d2c2de-8b5a-41cd-a571-aa7aafcfbc06,Bryce,Young,CAR,QB,cc7dd979-a980-4510-9e69-8c31e7fbd3fc,1eb32a63-95bc-45ab-b4e3-62a51b6d46dd,,12,,The Puppy,b42dca9a-7a0c-4c32-963d-a0ddfe179e0a,5.0,1000000.0,225000,,,,,,,,,,
2026-05-19 01:32:22 UTC,27,01714e65-49e3-4185-8e4a-6a7ae051d5bf,Josh,Jacobs,GB,RB,467c48a4-416e-4110-b26c-ed87c22e5507,49229e31-9a86-4620-ad69-c8f88405d26a,,12,,The Frenchie 3,f862a116-a69f-4db7-aeaf-29155b579be7,10.0,50000.0,5616,,,,,,,,,,
2026-06-27 02:13:04 UTC,131,a84c94e2-eaef-4db4-b83d-08c6c6156581,Khalil,Shakir,BUF,WR,a86c4493-d380-49ad-9e7f-2c97dd59ecc0,001a694a-1bd0-46e8-8234-beef750e259b,,12,,The Frenchie 7,b67b7b55-004c-4cee-9c2d-c223e6eea3f9,20.0,50000.0,2808,,,,,,,,,,
2026-07-01 21:06:26 UTC,123,a84c94e2-eaef-4db4-b83d-08c6c6156581,Khalil,Shakir,BUF,WR,adceec9f-5f0a-4eb4-8204-d8745c3c8374,f7a23d8d-6aaf-4902-8fed-d7b6e3fcaf8a,,12,,Best Ball Mania VII,deb0e69e-d357-4f7e-affa-2d5b8a726da8,25.0,15000000.0,672336,,,,,,,,,,
2026-07-01 23:13:05 UTC,45,081d65a4-1d29-40ff-9ca1-dabad6887ff2,Cam,Skattebo,NYG,RB,157c0aa8-6803-4802-b214-b18a55085899,1ba62fc7-d34e-4c81-8987-feef98922bb2,,12,,Best Ball Mania VII,deb0e69e-d357-4f7e-affa-2d5b8a726da8,25.0,15000000.0,672336,,,,,,,,,,
2026-06-07 18:27:07 UTC,35,6f55c5db-6322-482c-a15b-4d659d3bb07d,Tee,Higgins,CIN,WR,fc0705d2-2946-4467-b5bf-e615c597292f,b9906f44-456a-4789-840b-677404101d5e,,12,,The Puppy 2,e9f88543-f815-4db2-a076-1271fb35160c,5.0,1000000.0,225000,,,,,,,,,,
2026-06-16 02:17:09 UTC,95,8abc1bed-0838-40ba-8959-45444bf778a5,RJ,Harvey,DEN,RB,8bc1b5b9-1778-4802-9b94-52d59f8f0cb2,101f183f-2a0c-471e-b987-d67e723dbad8,,12,,The Puppy 2,e9f88543-f815-4db2-a076-1271fb35160c,5.0,1000000.0,225000,,,,,,,,,,
2026-05-07 00:25:34 UTC,117,eb7d78fd-a58f-49f4-a5c6-6e75cf6903c0,Aaron,Jones,MIN,RB,b22a71c9-dafa-420d-bc8f-9307f6f5704d,a23b9a93-c543-453f-8918-6d02c64df95c,,12,,The Mini Golden,49d2b4fe-fb5c-42a4-bc6a-e9b18547535a,2.0,20000.0,11280,,,,,,,,,,
2026-06-30 21:20:52 UTC,122,eb7d78fd-a58f-49f4-a5c6-6e75cf6903c0,Aaron,Jones,MIN,RB,a2685405-d4d0-4a4f-ba7a-82a3af77d83b,3c44495f-eda8-4def-9afd-03357d5d4972,,12,,The Little Dalmatian,9be71122-4880-4cb8-afa7-f508779bd554,1.0,100000.0,112800,,,,,,,,,,
2026-06-13 17:44:44 UTC,32,1f6e0b0d-f18a-41cd-8df6-18d49ef463c1,Rashee,Rice,KC,WR,c8e9011c-e455-444e-ac54-5ea37d5e5ba0,d16119ee-7d13-4d22-95ae-16c787190abf,,12,,The Frenchie 6,fb385198-3437-4c2e-aa39-efca53e73c60,8.0,50000.0,7020,,,,,,,,,,
2026-05-18 17:10:27 UTC,27,bcd9dd40-142a-4f3c-b47e-654117d32658,Nico,Collins,HOU,WR,a9506484-351b-44dd-91cf-c8f8e9ecda9d,155fb692-2a8a-4c9d-84b5-21f4eab042e7,,12,,The Frenchie 3,f862a116-a69f-4db7-aeaf-29155b579be7,10.0,50000.0,5616,,,,,,,,,,
2026-07-04 03:09:16 UTC,137,4efc8624-dc36-4242-b1cb-0cc6d3862174,Stefon,Diggs,,WR,41783140-10e9-431a-bd99-1d44fe5f3576,3eb75318-562b-43f3-8562-aff216ae2724,,12,,Best Ball Mania VII,deb0e69e-d357-4f7e-affa-2d5b8a726da8,25.0,15000000.0,672336,,,,,,,,,,
2026-07-02 00:03:58 UTC,98,9b619115-cbc1-481f-869a-afb01b859710,Jaxson,Dart,NYG,QB,7c04b4d7-0b19-4507-8e9f-913f0bc64b6d,573a5e56-73ca-4979-a46a-28d1fb2a8869,,12,,Best Ball Mania VII,deb0e69e-d357-4f7e-affa-2d5b8a726da8,25.0,15000000.0,672336,,,,,,,,,,
2026-06-26 22:36:57 UTC,197,5df1a513-165c-4a68-8430-397522553e27,Dontayvion,Wicks,PHI,WR,e4521940-bfbc-4096-b0ee-f6e05d2b348f,3219288e-9a5c-4032-865d-90e021bdc5e0,,12,,The Poodle,74fc3940-bde1-4dbc-aeb1-36e3fc49c70d,7.0,350000.0,55800,,,,,,,,,,
2026-07-04 22:38:17 UTC,41,38b6b4a2-35c6-47c8-9f89-758091b3a630,Javonte,Williams,DAL,RB,c1f4fd53-680b-4da0-8624-96a3d6475642,e34f2394-2e6e-429f-941b-961e2e8db3fa,,12,,The Chihuahua,9482f23f-3368-461d-83bd-7c706ffba069,4.0,250000.0,70308,,,,,,,,,,
2026-06-30 20:43:03 UTC,122,e2ea9022-a228-40b1-b668-5ac1fbe7e174,Travis,Kelce,KC,TE,c6b80e46-44d6-4446-8b92-04a69a71c79b,ef27d9db-d06c-4c32-a278-d7eebf99b27d,,12,,The Little Dalmatian,9be71122-4880-4cb8-afa7-f508779bd554,1.0,100000.0,112800,,,,,,,,,,
2026-05-23 11:36:37 UTC,4,cedb5dc7-eb8d-4928-bf85-aea13ee90967,Puka,Nacua,LAR,WR,d62515b7-92c9-48d2-a17c-d25afa00d06a,1b2b5ae3-9bd6-4fe7-87c1-b23f09c7dd5f,,12,,The Puppy,b42dca9a-7a0c-4c32-963d-a0ddfe179e0a,5.0,1000000.0,225000,,,,,,,,,,
2026-06-20 07:09:20 UTC,206,748b1bde-0acf-4e4d-bc1d-a634c3188c20,Ja'Kobi,Lane,BAL,WR,fc0705d2-2946-4467-b5bf-e615c597292f,b9906f44-456a-4789-840b-677404101d5e,,12,,The Puppy 2,e9f88543-f815-4db2-a076-1271fb35160c,5.0,1000000.0,225000,,,,,,,,,,
2026-07-01 23:14:07 UTC,52,fed6c701-5437-4965-b008-d65eb8280fea,Mike,Evans,SF,WR,157c0aa8-6803-4802-b214-b18a55085899,1ba62fc7-d34e-4c81-8987-feef98922bb2,,12,,Best Ball Mania VII,deb0e69e-d357-4f7e-affa-2d5b8a726da8,25.0,15000000.0,672336,,,,,,,,,,
2026-06-30 20:29:48 UTC,22,02c7a4a9-1a8c-43b9-9b1c-d3eba62cfa47,George,Pickens,DAL,WR,fd0eb170-a9b3-46b3-9dc0-cdf7ca546f12,47c9f223-0f07-4f52-bb15-337d1c09cd61,,12,,The Little Dalmatian,9be71122-4880-4cb8-afa7-f508779bd554,1.0,100000.0,112800,,,,,,,,,,
2026-06-14 21:41:24 UTC,187,268e4c6c-716d-467c-856a-1297e1c743cf,Cade,Otton,TB,TE,cc96bec4-e99d-45c3-bc46-63b89879cc0c,6844d736-d85b-41bf-9d57-b826e34fe2e7,,12,,The Pointer,263f68e0-a243-46a0-95f3-da997f476b2f,11.0,200000.0,20304,,,,,,,,,,
2026-06-16 01:42:58 UTC,184,2b915546-701a-43ba-83b8-14b637feaff5,Tank,Dell,HOU,WR,e84e4778-2727-470c-b770-a62814de28f9,81bb0394-19b2-43be-83fa-fafb44b09808,,12,,The Pointer,263f68e0-a243-46a0-95f3-da997f476b2f,11.0,200000.0,20304,,,,,,,,,,
2026-06-18 01:00:11 UTC,133,9b6b5dd5-bcdf-4155-aa42-9b6c948e851e,Omar,Cooper,NYJ,WR,5f3635e6-00c0-4e05-8061-2f120307809c,c67f0a85-75e3-4ed8-90ed-9652d1d31f0f,,12,,The Puppy 2,e9f88543-f815-4db2-a076-1271fb35160c,5.0,1000000.0,225000,,,,,,,,,,
2026-06-16 18:08:05 UTC,80,41bac526-b103-4a40-9142-dcef21e5da72,Jaylen,Warren,PIT,RB,7cb24e63-0e7c-427f-86a7-ba712aee4de0,12ca49b3-d51c-4599-a3fb-c9c0779b53b5,,12,,The Pointer,263f68e0-a243-46a0-95f3-da997f476b2f,11.0,200000.0,20304,,,,,,,,,,
2026-07-04 03:05:48 UTC,113,77e88416-ec46-49cf-9997-ee83acddb499,Harold,Fannin,CLE,TE,41783140-10e9-431a-bd99-1d44fe5f3576,3eb75318-562b-43f3-8562-aff216ae2724,,12,,Best Ball Mania VII,deb0e69e-d357-4f7e-affa-2d5b8a726da8,25.0,15000000.0,672336,,,,,,,,,,
2026-05-30 18:50:26 UTC,71,96b8e2a1-4f67-4f4f-807f-861566d4461c,Jalen,Hurts,PHI,QB,ba81aa92-671b-4c44-bdb4-e62f3cd70227,66b74861-8269-43d6-a4ba-37da26d1fa55,,12,,The Frenchie 4,29e5e908-c1d9-44d9-87e7-7873093259d4,30.0,50000.0,1872,,,,,,,,,,
2026-07-04 23:02:01 UTC,185,392cac47-00b2-4189-b006-58ebc14b23bf,Jerry,Jeudy,CLE,WR,c1f4fd53-680b-4da0-8624-96a3d6475642,e34f2394-2e6e-429f-941b-961e2e8db3fa,,12,,The Chihuahua,9482f23f-3368-461d-83bd-7c706ffba069,4.0,250000.0,70308,,,,,,,,,,
2026-06-01 20:07:45 UTC,195,d11c4534-5691-488e-910d-7707c6c12e44,Geno,Smith,NYJ,QB,11652228-7947-40ec-b183-cd5cfd3e3eff,74b6cfcc-b259-47a5-b8ab-ca350ccb35d9,,12,,The Hound Dog,9f0acdc2-c088-4acb-beab-2c5399bf6d6a,6.0,100000.0,18600,,,,,,,,,,
2026-04-28 02:00:42 UTC,152,807899c2-41e6-4f82-9091-0d34be8ab610,Jauan,Jennings,MIN,WR,9c64b40e-bbeb-4351-a440-aab775bdd166,e1bd5b1d-1339-4425-962f-37bc39dc3ebf,,12,,The Puppy,b42dca9a-7a0c-4c32-963d-a0ddfe179e0a,5.0,1000000.0,225000,,,,,,,,,,
2026-05-03 19:33:35 UTC,154,4efc8624-dc36-4242-b1cb-0cc6d3862174,Stefon,Diggs,,WR,93578258-83c7-468f-8927-bf61b153d9a7,a0c6aea8-4750-4438-b561-9d5df2c0a1c0,,12,,The Puppy,b42dca9a-7a0c-4c32-963d-a0ddfe179e0a,5.0,1000000.0,225000,,,,,,,,,,
2026-06-07 16:39:03 UTC,86,8a17ba41-08bf-455e-852c-e5f9776021af,Patrick,Mahomes,KC,QB,07a61fec-0cd9-4f61-bd79-e7cecd910090,e471f89f-1103-4c38-8bd7-592c002e727c,,12,,The Frenchie 5,97e0d089-6357-4fe3-9875-49e1d99ca74a,2.0,50000.0,28200,,,,,,,,,,
2026-04-28 01:38:49 UTC,17,2955db5c-a718-4e9b-a9bf-c9c51a1a4c11,Trey,McBride,ARI,TE,9c64b40e-bbeb-4351-a440-aab775bdd166,e1bd5b1d-1339-4425-962f-37bc39dc3ebf,,12,,The Puppy,b42dca9a-7a0c-4c32-963d-a0ddfe179e0a,5.0,1000000.0,225000,,,,,,,,,,
2026-06-14 21:39:11 UTC,174,7d7766b7-6c5c-4a3f-9d89-adda8940df3d,Deebo,Samuel,,WR,cc96bec4-e99d-45c3-bc46-63b89879cc0c,6844d736-d85b-41bf-9d57-b826e34fe2e7,,12,,The Pointer,263f68e0-a243-46a0-95f3-da997f476b2f,11.0,200000.0,20304,,,,,,,,,,
2026-07-02 00:17:56 UTC,170,d53f8a01-f0d6-441b-b85a-d69b2095642d,Tre',Harris,LAC,WR,7c04b4d7-0b19-4507-8e9f-913f0bc64b6d,573a5e56-73ca-4979-a46a-28d1fb2a8869,,12,,Best Ball Mania VII,deb0e69e-d357-4f7e-affa-2d5b8a726da8,25.0,15000000.0,672336,,,,,,,,,,
2026-06-27 01:19:55 UTC,52,dc3bcebb-9e77-437c-9f51-57548947a981,D'Andre,Swift,CHI,RB,8d9fd882-6280-4862-8289-8c81f97a29fb,86373a61-b505-441e-84a2-fe9879aabb06,,12,,The Poodle,74fc3940-bde1-4dbc-aeb1-36e3fc49c70d,7.0,350000.0,55800,,,,,,,,,,
2026-06-28 03:18:15 UTC,161,a59c3f47-ac4f-4bbc-8ea0-4b0afe04b9dc,Kenyon,Sadiq,NYJ,TE,3f662d0c-53c7-4824-af8a-337f6aa31cdb,94203baa-4cc4-4381-a4ec-d3dcbd449244,,12,,The Poodle,74fc3940-bde1-4dbc-aeb1-36e3fc49c70d,7.0,350000.0,55800,,,,,,,,,,
2026-06-13 18:04:44 UTC,161,5387ce75-723a-46f8-a393-b0bd2207291c,Tre,Tucker,LV,WR,c8e9011c-e455-444e-ac54-5ea37d5e5ba0,d16119ee-7d13-4d22-95ae-16c787190abf,,12,,The Frenchie 6,fb385198-3437-4c2e-aa39-efca53e73c60,8.0,50000.0,7020,,,,,,,,,,
2026-06-25 01:39:56 UTC,194,5df1a513-165c-4a68-8430-397522553e27,Dontayvion,Wicks,PHI,WR,175cb4d1-f4c4-4642-a486-4095470db90c,97593f40-b53a-413a-b69f-0bb12e20df3e,,12,,The Poodle,74fc3940-bde1-4dbc-aeb1-36e3fc49c70d,7.0,350000.0,55800,,,,,,,,,,
2026-04-28 01:46:36 UTC,65,ac9035c0-d09b-4223-8db3-76c7994fd11a,Brian,Thomas,JAX,WR,9c64b40e-bbeb-4351-a440-aab775bdd166,e1bd5b1d-1339-4425-962f-37bc39dc3ebf,,12,,The Puppy,b42dca9a-7a0c-4c32-963d-a0ddfe179e0a,5.0,1000000.0,225000,,,,,,,,,,
2026-06-18 00:56:15 UTC,108,a732f00b-cb01-4c0d-8b64-6d8b605bf45f,Brock,Purdy,SF,QB,5f3635e6-00c0-4e05-8061-2f120307809c,c67f0a85-75e3-4ed8-90ed-9652d1d31f0f,,12,,The Puppy 2,e9f88543-f815-4db2-a076-1271fb35160c,5.0,1000000.0,225000,,,,,,,,,,
2026-06-15 00:22:57 UTC,4,e05bf051-69f3-4483-8ce3-20b365a19cac,Ja'Marr,Chase,CIN,WR,18452539-317f-4b75-b676-c9802ab905a6,46b95838-1f8d-428f-a1f0-e37de53036b7,,12,,The Pointer,263f68e0-a243-46a0-95f3-da997f476b2f,11.0,200000.0,20304,,,,,,,,,,
2026-06-27 02:16:37 UTC,155,5387ce75-723a-46f8-a393-b0bd2207291c,Tre,Tucker,LV,WR,a86c4493-d380-49ad-9e7f-2c97dd59ecc0,001a694a-1bd0-46e8-8234-beef750e259b,,12,,The Frenchie 7,b67b7b55-004c-4cee-9c2d-c223e6eea3f9,20.0,50000.0,2808,,,,,,,,,,
2026-06-27 01:12:54 UTC,4,cedb5dc7-eb8d-4928-bf85-aea13ee90967,Puka,Nacua,LAR,WR,8d9fd882-6280-4862-8289-8c81f97a29fb,86373a61-b505-441e-84a2-fe9879aabb06,,12,,The Poodle,74fc3940-bde1-4dbc-aeb1-36e3fc49c70d,7.0,350000.0,55800,,,,,,,,,,
2026-04-30 00:53:52 UTC,170,77b3cf07-cf9b-4068-832f-4f787e7e7259,De'Zhaun,Stribling,SF,WR,cc7dd979-a980-4510-9e69-8c31e7fbd3fc,1eb32a63-95bc-45ab-b4e3-62a51b6d46dd,,12,,The Puppy,b42dca9a-7a0c-4c32-963d-a0ddfe179e0a,5.0,1000000.0,225000,,,,,,,,,,
2026-05-30 16:44:52 UTC,210,6b6c0fe5-926b-4c07-869e-932beca840ba,Adonai,Mitchell,NYJ,WR,4a756ff0-2931-40b3-857d-bcda46c63eaf,42bf770f-244e-4fac-9988-b29cf78ebdd1,,12,,The Pomeranian,dc6e77f6-581c-45a7-9bcf-0932e628037e,3.0,300000.0,112800,,,,,,,,,,
2026-06-28 03:22:15 UTC,185,db9d8880-ccab-480e-8fa3-d0e1c1fe0297,Aaron,Rodgers,PIT,QB,3f662d0c-53c7-4824-af8a-337f6aa31cdb,94203baa-4cc4-4381-a4ec-d3dcbd449244,,12,,The Poodle,74fc3940-bde1-4dbc-aeb1-36e3fc49c70d,7.0,350000.0,55800,,,,,,,,,,
2026-06-28 02:07:27 UTC,74,96b8e2a1-4f67-4f4f-807f-861566d4461c,Jalen,Hurts,PHI,QB,02211811-63df-41db-9181-34910d1fa7c1,ad19b693-0616-48d3-a661-eec35e697823,,12,,The Poodle,74fc3940-bde1-4dbc-aeb1-36e3fc49c70d,7.0,350000.0,55800,,,,,,,,,,
2026-06-13 19:40:19 UTC,26,41e96471-3191-4cbd-966d-e240e1b3deeb,DeVonta,Smith,PHI,WR,beeb1ab6-ef30-43a7-8d66-3bd7ad90167b,9db2dfa3-a3a0-488f-b7fd-d54e71621df8,,12,,The Frenchie 6,fb385198-3437-4c2e-aa39-efca53e73c60,8.0,50000.0,7020,,,,,,,,,,
2026-05-01 20:18:34 UTC,27,01714e65-49e3-4185-8e4a-6a7ae051d5bf,Josh,Jacobs,GB,RB,c58bea11-09c9-4e5b-9d82-a2cdc152f383,f71057b8-1a09-4540-89d1-8a9011707c98,,12,,The Frenchie,4a7aa4af-c383-450f-b99b-373cfca8983b,15.0,50000.0,3720,,,,,,,,,,
2026-06-16 01:14:44 UTC,16,57c18f3f-4ec5-4e23-9fb1-ea9b9d35ea95,Kenneth,Walker III,KC,RB,e84e4778-2727-470c-b770-a62814de28f9,81bb0394-19b2-43be-83fa-fafb44b09808,,12,,The Pointer,263f68e0-a243-46a0-95f3-da997f476b2f,11.0,200000.0,20304,,,,,,,,,,
2026-06-30 20:35:32 UTC,71,e1bb7729-b87e-4abc-9743-f469d20839bd,Drake,Maye,NE,QB,c6b80e46-44d6-4446-8b92-04a69a71c79b,ef27d9db-d06c-4c32-a278-d7eebf99b27d,,12,,The Little Dalmatian,9be71122-4880-4cb8-afa7-f508779bd554,1.0,100000.0,112800,,,,,,,,,,
2026-06-13 20:05:33 UTC,194,9c0a23d8-b2c0-4b5f-b348-70cd1e1d6669,Chris,Brazzell,CAR,WR,beeb1ab6-ef30-43a7-8d66-3bd7ad90167b,9db2dfa3-a3a0-488f-b7fd-d54e71621df8,,12,,The Frenchie 6,fb385198-3437-4c2e-aa39-efca53e73c60,8.0,50000.0,7020,,,,,,,,,,
2026-05-05 01:51:36 UTC,84,9b7b55a2-3b03-4e52-8928-eb34d7c82baa,Dak,Prescott,DAL,QB,c6677334-70a3-4b26-93e8-2bfab3fa84c7,5f2705a4-4a76-4ffe-a8e9-bd0b0b067b35,,12,,The Dachshund,1f35c88b-e5c4-4b8c-b42a-db74f55d7a18,8.0,200000.0,28080,,,,,,,,,,
2026-06-16 18:11:47 UTC,104,fbe947d5-246f-4e65-9c82-fe7480240b81,Blake,Corum,LAR,RB,7cb24e63-0e7c-427f-86a7-ba712aee4de0,12ca49b3-d51c-4599-a3fb-c9c0779b53b5,,12,,The Pointer,263f68e0-a243-46a0-95f3-da997f476b2f,11.0,200000.0,20304,,,,,,,,,,
2026-06-13 19:55:30 UTC,122,58a9eb5e-0e5a-43e0-8a84-f29aaab96c0e,Dalton,Kincaid,BUF,TE,beeb1ab6-ef30-43a7-8d66-3bd7ad90167b,9db2dfa3-a3a0-488f-b7fd-d54e71621df8,,12,,The Frenchie 6,fb385198-3437-4c2e-aa39-efca53e73c60,8.0,50000.0,7020,,,,,,,,,,
2026-06-16 02:25:25 UTC,146,f9b4b51b-3d0e-47b6-bbc4-d73ed3340f82,Daniel,Jones,IND,QB,8bc1b5b9-1778-4802-9b94-52d59f8f0cb2,101f183f-2a0c-471e-b987-d67e723dbad8,,12,,The Puppy 2,e9f88543-f815-4db2-a076-1271fb35160c,5.0,1000000.0,225000,,,,,,,,,,
2026-07-05 00:54:08 UTC,10,3ccbc4c7-afff-4477-93c6-10c823f53098,Justin,Jefferson,MIN,WR,82e46a8e-10dd-4fbf-9050-6575e10ab2fa,d87d5697-e8bf-4893-821b-c60562656d17,,12,,The Chihuahua,9482f23f-3368-461d-83bd-7c706ffba069,4.0,250000.0,70308,,,,,,,,,,
2026-04-30 00:57:56 UTC,194,9c0a23d8-b2c0-4b5f-b348-70cd1e1d6669,Chris,Brazzell,CAR,WR,cc7dd979-a980-4510-9e69-8c31e7fbd3fc,1eb32a63-95bc-45ab-b4e3-62a51b6d46dd,,12,,The Puppy,b42dca9a-7a0c-4c32-963d-a0ddfe179e0a,5.0,1000000.0,225000,,,,,,,,,,
2026-06-28 03:26:19 UTC,209,e7ceb8ee-3f04-41d2-ade4-c91891883414,Troy,Franklin,DEN,WR,3f662d0c-53c7-4824-af8a-337f6aa31cdb,94203baa-4cc4-4381-a4ec-d3dcbd449244,,12,,The Poodle,74fc3940-bde1-4dbc-aeb1-36e3fc49c70d,7.0,350000.0,55800,,,,,,,,,,
2026-06-28 02:57:40 UTC,41,01714e65-49e3-4185-8e4a-6a7ae051d5bf,Josh,Jacobs,GB,RB,3f662d0c-53c7-4824-af8a-337f6aa31cdb,94203baa-4cc4-4381-a4ec-d3dcbd449244,,12,,The Poodle,74fc3940-bde1-4dbc-aeb1-36e3fc49c70d,7.0,350000.0,55800,,,,,,,,,,
2026-05-30 19:30:32 UTC,215,5df1a513-165c-4a68-8430-397522553e27,Dontayvion,Wicks,PHI,WR,ba81aa92-671b-4c44-bdb4-e62f3cd70227,66b74861-8269-43d6-a4ba-37da26d1fa55,,12,,The Frenchie 4,29e5e908-c1d9-44d9-87e7-7873093259d4,30.0,50000.0,1872,,,,,,,,,,
2026-05-18 17:14:09 UTC,51,719db736-34b5-4990-ae8a-86d851f9eb37,Quinshon,Judkins,CLE,RB,a9506484-351b-44dd-91cf-c8f8e9ecda9d,155fb692-2a8a-4c9d-84b5-21f4eab042e7,,12,,The Frenchie 3,f862a116-a69f-4db7-aeaf-29155b579be7,10.0,50000.0,5616,,,,,,,,,,
2026-07-01 20:45:54 UTC,3,25cbfc55-cb8a-4589-85de-e91870f65952,Bijan,Robinson,ATL,RB,adceec9f-5f0a-4eb4-8204-d8745c3c8374,f7a23d8d-6aaf-4902-8fed-d7b6e3fcaf8a,,12,,Best Ball Mania VII,deb0e69e-d357-4f7e-affa-2d5b8a726da8,25.0,15000000.0,672336,,,,,,,,,,
2026-06-16 01:37:36 UTC,153,a59c3f47-ac4f-4bbc-8ea0-4b0afe04b9dc,Kenyon,Sadiq,NYJ,TE,e84e4778-2727-470c-b770-a62814de28f9,81bb0394-19b2-43be-83fa-fafb44b09808,,12,,The Pointer,263f68e0-a243-46a0-95f3-da997f476b2f,11.0,200000.0,20304,,,,,,,,,,
2026-06-14 15:44:59 UTC,184,ef187a90-1a0c-46af-9775-ebaa0fbbc6d1,Pat,Freiermuth,PIT,TE,bb3d8ce0-a6dd-4b4c-a4e6-8ea1144bec7f,9a9db9d5-48f5-464f-b1f7-a11c4d42469c,,12,,The Pointer,263f68e0-a243-46a0-95f3-da997f476b2f,11.0,200000.0,20304,,,,,,,,,,
2026-06-07 16:50:36 UTC,158,7d7766b7-6c5c-4a3f-9d89-adda8940df3d,Deebo,Samuel,,WR,07a61fec-0cd9-4f61-bd79-e7cecd910090,e471f89f-1103-4c38-8bd7-592c002e727c,,12,,The Frenchie 5,97e0d089-6357-4fe3-9875-49e1d99ca74a,2.0,50000.0,28200,,,,,,,,,,
2026-06-30 21:14:48 UTC,86,8a17ba41-08bf-455e-852c-e5f9776021af,Patrick,Mahomes,KC,QB,97fa549a-2fd2-4ebe-9071-2c48cb9d9cae,bc7a1cd8-4613-48dd-97ec-1400b5bbb6a2,,12,,The Little Dalmatian,9be71122-4880-4cb8-afa7-f508779bd554,1.0,100000.0,112800,,,,,,,,,,
2026-06-13 19:47:53 UTC,74,017da9b8-968f-4baa-858f-d8bbf32373ee,Rhamondre,Stevenson,NE,RB,beeb1ab6-ef30-43a7-8d66-3bd7ad90167b,9db2dfa3-a3a0-488f-b7fd-d54e71621df8,,12,,The Frenchie 6,fb385198-3437-4c2e-aa39-efca53e73c60,8.0,50000.0,7020,,,,,,,,,,
2026-06-07 16:45:58 UTC,131,e2ea9022-a228-40b1-b668-5ac1fbe7e174,Travis,Kelce,KC,TE,07a61fec-0cd9-4f61-bd79-e7cecd910090,e471f89f-1103-4c38-8bd7-592c002e727c,,12,,The Frenchie 5,97e0d089-6357-4fe3-9875-49e1d99ca74a,2.0,50000.0,28200,,,,,,,,,,
2026-06-27 01:57:51 UTC,35,01714e65-49e3-4185-8e4a-6a7ae051d5bf,Josh,Jacobs,GB,RB,a86c4493-d380-49ad-9e7f-2c97dd59ecc0,001a694a-1bd0-46e8-8234-beef750e259b,,12,,The Frenchie 7,b67b7b55-004c-4cee-9c2d-c223e6eea3f9,20.0,50000.0,2808,,,,,,,,,,
2026-07-01 23:10:15 UTC,28,e75fdadf-f9d2-44d5-8f0b-2308f7b00ab0,Zay,Flowers,BAL,WR,157c0aa8-6803-4802-b214-b18a55085899,1ba62fc7-d34e-4c81-8987-feef98922bb2,,12,,Best Ball Mania VII,deb0e69e-d357-4f7e-affa-2d5b8a726da8,25.0,15000000.0,672336,,,,,,,,,,